assoc_id,block,exposure,outcome,arm,overlap,primary_method,sensitivity_method
leanmass_pei__glu2h_chen__raw,exposure_to_mediator,leanmass_pei,glu2h_chen,raw,none,MR-APSS,CAUSE
leanmass_pei__fg_dupuis__raw,exposure_to_mediator,leanmass_pei,fg_dupuis,raw,none,MR-APSS,CAUSE
leanmass_pei__fg_manning__raw,exposure_to_mediator,leanmass_pei,fg_manning,raw,none,MR-APSS,CAUSE
leanmass_pei__t2d_xue__raw,exposure_to_mediator,leanmass_pei,t2d_xue,raw,UKB,MR-APSS,CAUSE
ffm_ukb__glu2h_chen__raw,exposure_to_mediator,ffm_ukb,glu2h_chen,raw,none,MR-APSS,CAUSE
ffm_ukb__fg_dupuis__raw,exposure_to_mediator,ffm_ukb,fg_dupuis,raw,none,MR-APSS,CAUSE
ffm_ukb__fg_manning__raw,exposure_to_mediator,ffm_ukb,fg_manning,raw,none,MR-APSS,CAUSE
ffm_ukb__t2d_xue__raw,exposure_to_mediator,ffm_ukb,t2d_xue,raw,UKB,MR-APSS,CAUSE
bmi_ukb__glu2h_chen__raw,bmi_to_glycemic,bmi_ukb,glu2h_chen,raw,none,MR-APSS,CAUSE
bmi_ukb__fg_dupuis__raw,bmi_to_glycemic,bmi_ukb,fg_dupuis,raw,none,MR-APSS,CAUSE
bmi_ukb__fg_manning__raw,bmi_to_glycemic,bmi_ukb,fg_manning,raw,none,MR-APSS,CAUSE
bmi_ukb__t2d_xue__raw,bmi_to_glycemic,bmi_ukb,t2d_xue,raw,UKB,MR-APSS,CAUSE
leanmass_pei__ad_bellenguez__raw,to_ad,leanmass_pei,ad_bellenguez,raw,UKB,MR-APSS,CAUSE
leanmass_pei__ad_bellenguez__slopehunter,to_ad,leanmass_pei,ad_bellenguez,slopehunter,UKB,MR-APSS,CAUSE
leanmass_pei__ad_kunkle__raw,to_ad,leanmass_pei,ad_kunkle,raw,none,MR-APSS,CAUSE
ffm_ukb__ad_bellenguez__raw,to_ad,ffm_ukb,ad_bellenguez,raw,UKB,MR-APSS,CAUSE
ffm_ukb__ad_bellenguez__slopehunter,to_ad,ffm_ukb,ad_bellenguez,slopehunter,UKB,MR-APSS,CAUSE
ffm_ukb__ad_kunkle__raw,to_ad,ffm_ukb,ad_kunkle,raw,none,MR-APSS,CAUSE
glu2h_chen__ad_bellenguez__raw,to_ad,glu2h_chen,ad_bellenguez,raw,none,MR-APSS,CAUSE
glu2h_chen__ad_bellenguez__slopehunter,to_ad,glu2h_chen,ad_bellenguez,slopehunter,none,MR-APSS,CAUSE
glu2h_chen__ad_kunkle__raw,to_ad,glu2h_chen,ad_kunkle,raw,none,MR-APSS,CAUSE
fg_dupuis__ad_bellenguez__raw,to_ad,fg_dupuis,ad_bellenguez,raw,none,MR-APSS,CAUSE
fg_dupuis__ad_bellenguez__slopehunter,to_ad,fg_dupuis,ad_bellenguez,slopehunter,none,MR-APSS,CAUSE
fg_dupuis__ad_kunkle__raw,to_ad,fg_dupuis,ad_kunkle,raw,none,MR-APSS,CAUSE
fg_manning__ad_bellenguez__raw,to_ad,fg_manning,ad_bellenguez,raw,none,MR-APSS,CAUSE
fg_manning__ad_bellenguez__slopehunter,to_ad,fg_manning,ad_bellenguez,slopehunter,none,MR-APSS,CAUSE
fg_manning__ad_kunkle__raw,to_ad,fg_manning,ad_kunkle,raw,none,MR-APSS,CAUSE
t2d_xue__ad_bellenguez__raw,to_ad,t2d_xue,ad_bellenguez,raw,UKB,MR-APSS,CAUSE
t2d_xue__ad_bellenguez__slopehunter,to_ad,t2d_xue,ad_bellenguez,slopehunter,UKB,MR-APSS,CAUSE
t2d_xue__ad_kunkle__raw,to_ad,t2d_xue,ad_kunkle,raw,none,MR-APSS,CAUSE
bmi_ukb__ad_bellenguez__raw,to_ad,bmi_ukb,ad_bellenguez,raw,UKB,MR-APSS,CAUSE
bmi_ukb__ad_bellenguez__slopehunter,to_ad,bmi_ukb,ad_bellenguez,slopehunter,UKB,MR-APSS,CAUSE
bmi_ukb__ad_kunkle__raw,to_ad,bmi_ukb,ad_kunkle,raw,none,MR-APSS,CAUSE
leanmass_pei__lifespan__raw,to_lifespan,leanmass_pei,lifespan,raw,UKB,none,none
ffm_ukb__lifespan__raw,to_lifespan,ffm_ukb,lifespan,raw,UKB,none,none
glu2h_chen__lifespan__raw,to_lifespan,glu2h_chen,lifespan,raw,none,none,none
fg_dupuis__lifespan__raw,to_lifespan,fg_dupuis,lifespan,raw,none,none,none
fg_manning__lifespan__raw,to_lifespan,fg_manning,lifespan,raw,none,none,none
t2d_xue__lifespan__raw,to_lifespan,t2d_xue,lifespan,raw,UKB,none,none
bmi_ukb__lifespan__raw,to_lifespan,bmi_ukb,lifespan,raw,UKB,none,none
