assoc_id,arm,exposure,outcome,C11,C22,C12,overlap_flag,Omega11,Omega22,Omega12,rg
leanmass_pei__glu2h_chen__raw,leanmass_pei__glu2h_chen__raw,leanmass_pei__glu2h_chen__raw,leanmass_pei__glu2h_chen__raw,1.6433171442112728,1.01391628457401,-0.032553920170123166,TRUE,6.215248070082095e-8,9.585453106211585e-9,-4.828042695470618e-9,-0.1978042164371657
leanmass_pei__fg_dupuis__raw,leanmass_pei__fg_dupuis__raw,leanmass_pei__fg_dupuis__raw,leanmass_pei__fg_dupuis__raw,1.6260140051647105,1.0066108619422467,-0.012776244403465628,FALSE,6.079949705325319e-8,9.423775559650318e-9,6.440282745056168e-10,0.026905587152009122
leanmass_pei__fg_manning__raw,leanmass_pei__fg_manning__raw,leanmass_pei__fg_manning__raw,leanmass_pei__fg_manning__raw,1.6435852628311824,1.0212162788870767,0.00954722110954983,FALSE,6.100591665875359e-8,1.2307060274140602e-8,5.460034717007219e-10,0.01992655681447833
leanmass_pei__t2d_xue__raw,leanmass_pei__t2d_xue__raw,leanmass_pei__t2d_xue__raw,leanmass_pei__t2d_xue__raw,1.7693502409881443,1.1661823106810765,0.01765835205668099,FALSE,5.6442852608281964e-8,6.696220938023745e-9,-5.985361520681131e-10,-0.030787258814460462
ffm_ukb__glu2h_chen__raw,ffm_ukb__glu2h_chen__raw,ffm_ukb__glu2h_chen__raw,ffm_ukb__glu2h_chen__raw,1.4906466170306878,1.0146594367315562,-0.0445596159354163,TRUE,5.025813366728393e-8,9.445517861126436e-9,-4.3991324719842755e-9,-0.201906813526618
ffm_ukb__fg_dupuis__raw,ffm_ukb__fg_dupuis__raw,ffm_ukb__fg_dupuis__raw,ffm_ukb__fg_dupuis__raw,1.4801453860673064,1.0077970648894468,-0.015684317554801087,FALSE,4.8958511934437385e-8,9.217795603672228e-9,3.542362052971962e-9,0.16674979374362617
ffm_ukb__fg_manning__raw,ffm_ukb__fg_manning__raw,ffm_ukb__fg_manning__raw,ffm_ukb__fg_manning__raw,1.4852708503586758,1.0197934691290915,0.020232653282965016,TRUE,4.9509893624623616e-8,1.246469962214928e-8,3.99632711948613e-9,0.160869652980208
ffm_ukb__t2d_xue__raw,ffm_ukb__t2d_xue__raw,ffm_ukb__t2d_xue__raw,ffm_ukb__t2d_xue__raw,1.5868043727937957,1.1699098457179704,0.18045749082151386,TRUE,4.615979541961073e-8,6.572627766323435e-9,4.3409544898040595e-9,0.24922050774637253
bmi_ukb__glu2h_chen__raw,bmi_ukb__glu2h_chen__raw,bmi_ukb__glu2h_chen__raw,bmi_ukb__glu2h_chen__raw,1.3523012449226934,1.013337601292158,-0.028139873645841564,TRUE,3.9962670838863856e-8,9.630740508770499e-9,-1.5823076132208159e-9,-0.08065546958717358
bmi_ukb__fg_dupuis__raw,bmi_ukb__fg_dupuis__raw,bmi_ukb__fg_dupuis__raw,bmi_ukb__fg_dupuis__raw,1.3461454906696595,1.0074491522080846,-0.005968452397872144,FALSE,3.938775470609496e-8,9.281497617492994e-9,4.476999346673651e-9,0.23415174028596236
bmi_ukb__fg_manning__raw,bmi_ukb__fg_manning__raw,bmi_ukb__fg_manning__raw,bmi_ukb__fg_manning__raw,1.348256321311836,1.0193927899278217,0.02274880801005827,TRUE,3.973329366732135e-8,1.2533804767063037e-8,6.293165124943568e-9,0.28200082630991674
bmi_ukb__t2d_xue__raw,bmi_ukb__t2d_xue__raw,bmi_ukb__t2d_xue__raw,bmi_ukb__t2d_xue__raw,1.453715413934833,1.175115019957215,0.24305914158272968,TRUE,3.6845317972650046e-8,6.493051034880462e-9,8.19354682162432e-9,0.5297322057158602
fatmass_ukb__glu2h_chen__raw,fatmass_ukb__glu2h_chen__raw,fatmass_ukb__glu2h_chen__raw,fatmass_ukb__glu2h_chen__raw,1.3500168506529655,1.013620809741744,-0.029238825360636843,TRUE,3.8415763400352755e-8,9.587665316845898e-9,-1.556687169548408e-9,-0.08111294676383457
fatmass_ukb__fg_dupuis__raw,fatmass_ukb__fg_dupuis__raw,fatmass_ukb__fg_dupuis__raw,fatmass_ukb__fg_dupuis__raw,1.346415228029839,1.0076943519898416,-0.008058657668918376,FALSE,3.7736973275066787e-8,9.23053842432866e-9,3.775238025765752e-9,0.20227736582795594
fatmass_ukb__fg_manning__raw,fatmass_ukb__fg_manning__raw,fatmass_ukb__fg_manning__raw,fatmass_ukb__fg_manning__raw,1.3423024314836352,1.0194106943358001,0.015964881418126103,FALSE,3.8273161849749855e-8,1.2538141028022285e-8,5.700907658089251e-9,0.260243721209251
fatmass_ukb__t2d_xue__raw,fatmass_ukb__t2d_xue__raw,fatmass_ukb__t2d_xue__raw,fatmass_ukb__t2d_xue__raw,1.4585154497066277,1.1736689883921576,0.23320571724047445,TRUE,3.512452002326175e-8,6.523819034398721e-9,7.577345858318865e-9,0.5005655515790266
leanmass_pei__ad_bellenguez__raw,leanmass_pei__ad_bellenguez__raw,leanmass_pei__ad_bellenguez__raw,leanmass_pei__ad_bellenguez__raw,1.637248361304573,1.0922703030898917,-0.01593794164113299,FALSE,6.197742088377313e-8,3.3901642978680085e-9,-8.973438989928456e-10,-0.06190586433106745
leanmass_pei__ad_bellenguez__slopehunter,leanmass_pei__ad_bellenguez__slopehunter,leanmass_pei__ad_bellenguez__slopehunter,leanmass_pei__ad_bellenguez__slopehunter,1.6310141443832218,1.0694614105847013,-0.022402613836983255,TRUE,6.120881345659187e-8,3.289441494062445e-9,-1.0695772861396296e-9,-0.07537791283788392
leanmass_pei__ad_kunkle__raw,leanmass_pei__ad_kunkle__raw,leanmass_pei__ad_kunkle__raw,leanmass_pei__ad_kunkle__raw,1.640950597356683,1.0300682408749182,-0.00849032175541014,FALSE,6.194389341483838e-8,1.0790393076380778e-8,-1.6502930441505543e-9,-0.06383269591804087
ffm_ukb__ad_bellenguez__raw,ffm_ukb__ad_bellenguez__raw,ffm_ukb__ad_bellenguez__raw,ffm_ukb__ad_bellenguez__raw,1.4841198072867425,1.092781460641682,-0.04723705313785896,TRUE,5.0137955285659834e-8,3.3878198894429887e-9,-1.5404034566196698e-9,-0.1181927992408278
ffm_ukb__ad_bellenguez__slopehunter,ffm_ukb__ad_bellenguez__slopehunter,ffm_ukb__ad_bellenguez__slopehunter,ffm_ukb__ad_bellenguez__slopehunter,1.4839953385219298,1.069720156336674,-0.03627588271541318,TRUE,4.979112281911058e-8,3.295126889502733e-9,-9.011970825923501e-10,-0.07035707007533513
ffm_ukb__ad_kunkle__raw,ffm_ukb__ad_kunkle__raw,ffm_ukb__ad_kunkle__raw,ffm_ukb__ad_kunkle__raw,1.4853520533244429,1.0293046664482954,-0.006348229015494242,FALSE,5.012366419185511e-8,1.0978587388741443e-8,-1.9647249381417056e-9,-0.08375430134310816
glu2h_chen__ad_bellenguez__raw,glu2h_chen__ad_bellenguez__raw,glu2h_chen__ad_bellenguez__raw,glu2h_chen__ad_bellenguez__raw,1.013767518606844,1.0910882625757226,0.007798711582672065,FALSE,9.577679885808302e-9,3.4387926876746105e-9,8.121639911639791e-11,0.014151763893689358
glu2h_chen__ad_bellenguez__slopehunter,glu2h_chen__ad_bellenguez__slopehunter,glu2h_chen__ad_bellenguez__slopehunter,glu2h_chen__ad_bellenguez__slopehunter,1.0138154230095069,1.0676155873490856,0.012788141586938579,FALSE,9.308896206739672e-9,3.3490112157980865e-9,-7.086524606302018e-11,-0.01269187845715839
glu2h_chen__ad_kunkle__raw,glu2h_chen__ad_kunkle__raw,glu2h_chen__ad_kunkle__raw,glu2h_chen__ad_kunkle__raw,1.0129365186701476,1.0279761735000807,-0.0019153283151856822,FALSE,9.625411975450911e-9,1.1133422255567601e-8,1.9033633345048687e-9,0.18386441963440567
fg_dupuis__ad_bellenguez__raw,fg_dupuis__ad_bellenguez__raw,fg_dupuis__ad_bellenguez__raw,fg_dupuis__ad_bellenguez__raw,1.0043604894287048,1.0863987967545903,0.007296515762281986,FALSE,9.717458471864445e-9,3.3204650772623455e-9,-9.72355134310323e-10,-0.17117845671350376
fg_dupuis__ad_bellenguez__slopehunter,fg_dupuis__ad_bellenguez__slopehunter,fg_dupuis__ad_bellenguez__slopehunter,fg_dupuis__ad_bellenguez__slopehunter,1.0036105503578632,1.0637256918115796,0.009837861611599621,FALSE,9.887152222459934e-9,3.227627048804061e-9,-6.021817033900534e-10,-0.10659829843082687
fg_dupuis__ad_kunkle__raw,fg_dupuis__ad_kunkle__raw,fg_dupuis__ad_kunkle__raw,fg_dupuis__ad_kunkle__raw,1.0081443828968413,1.0304267345112876,0.014076837293808778,FALSE,8.723296008626294e-9,1.0155066697195933e-8,-2.5371244680722315e-9,-0.2695628744430991
fg_manning__ad_bellenguez__raw,fg_manning__ad_bellenguez__raw,fg_manning__ad_bellenguez__raw,fg_manning__ad_bellenguez__raw,1.0169256519340346,1.0896193114663593,0.006639074157621919,FALSE,1.288420793403315e-8,3.314762310614999e-9,-2.774555743131619e-10,-0.04245593364961402
fg_manning__ad_bellenguez__slopehunter,fg_manning__ad_bellenguez__slopehunter,fg_manning__ad_bellenguez__slopehunter,fg_manning__ad_bellenguez__slopehunter,1.0166153224921384,1.0672405122817104,0.009334807644424483,FALSE,1.2795185811291634e-8,3.21404731667507e-9,2.2784545114217424e-10,0.03552965012857144
fg_manning__ad_kunkle__raw,fg_manning__ad_kunkle__raw,fg_manning__ad_kunkle__raw,fg_manning__ad_kunkle__raw,1.0169041942819947,1.0250931085773296,0.006022026083061011,FALSE,1.2888974781573957e-8,1.1293135476866667e-8,9.334905604115735e-10,0.0773737194827373
t2d_xue__ad_bellenguez__raw,t2d_xue__ad_bellenguez__raw,t2d_xue__ad_bellenguez__raw,t2d_xue__ad_bellenguez__raw,1.164947010461979,1.0901819367092997,-0.006391052822928518,FALSE,6.714546878589416e-9,3.3015149186181726e-9,-3.534541595812692e-10,-0.0750702928059419
t2d_xue__ad_bellenguez__slopehunter,t2d_xue__ad_bellenguez__slopehunter,t2d_xue__ad_bellenguez__slopehunter,t2d_xue__ad_bellenguez__slopehunter,1.167388587608377,1.0658618277960188,0.009226097031503816,FALSE,6.571543299136332e-9,3.233312698566123e-9,2.18612042814962e-10,0.04742600488279503
t2d_xue__ad_kunkle__raw,t2d_xue__ad_kunkle__raw,t2d_xue__ad_kunkle__raw,t2d_xue__ad_kunkle__raw,1.164536589123344,1.0357265226191497,0.016181285539340957,FALSE,6.716809940940682e-9,9.756873561717984e-9,-1.1748409395988232e-10,-0.014512499025587674
bmi_ukb__ad_bellenguez__raw,bmi_ukb__ad_bellenguez__raw,bmi_ukb__ad_bellenguez__raw,bmi_ukb__ad_bellenguez__raw,1.3397075294597958,1.0926420102098149,-0.019577484162840733,FALSE,4.0096696615141916e-8,3.3906587988287445e-9,-1.2876407177864411e-9,-0.11043287017128382
bmi_ukb__ad_bellenguez__slopehunter,bmi_ukb__ad_bellenguez__slopehunter,bmi_ukb__ad_bellenguez__slopehunter,bmi_ukb__ad_bellenguez__slopehunter,1.344962043470757,1.0686605718763598,0.010013132173141369,FALSE,4.019978381243128e-8,3.3168006710027016e-9,-8.52834150993965e-11,-0.007385723381037502
bmi_ukb__ad_kunkle__raw,bmi_ukb__ad_kunkle__raw,bmi_ukb__ad_kunkle__raw,bmi_ukb__ad_kunkle__raw,1.342229521379195,1.0297768737580903,0.012969744617753552,FALSE,4.0046848539591896e-8,1.0912602887904923e-8,-3.912463646169081e-10,-0.018715522957250205
fatmass_ukb__ad_bellenguez__raw,fatmass_ukb__ad_bellenguez__raw,fatmass_ukb__ad_bellenguez__raw,fatmass_ukb__ad_bellenguez__raw,1.3410201149385794,1.0919522969277213,-0.014080623920307497,FALSE,3.84353099916225e-8,3.4057928909298564e-9,-1.4869198452451043e-9,-0.1299610604580564
fatmass_ukb__ad_bellenguez__slopehunter,fatmass_ukb__ad_bellenguez__slopehunter,fatmass_ukb__ad_bellenguez__slopehunter,fatmass_ukb__ad_bellenguez__slopehunter,1.3479912109141465,1.068402106950573,0.010245661296136778,FALSE,3.853961663786576e-8,3.322733680487702e-9,-3.1911376310066217e-10,-0.028199673067139833
fatmass_ukb__ad_kunkle__raw,fatmass_ukb__ad_kunkle__raw,fatmass_ukb__ad_kunkle__raw,fatmass_ukb__ad_kunkle__raw,1.3434875984298578,1.030357613373138,0.008493719629600695,FALSE,3.8391302428109576e-8,1.0831453659599837e-8,-1.0106090487811924e-9,-0.04955909722114121
glu2h_chen__leanmass_pei__raw,glu2h_chen__leanmass_pei__raw,glu2h_chen__leanmass_pei__raw,glu2h_chen__leanmass_pei__raw,1.01391628457401,1.6433171442112728,-0.032553920170123166,TRUE,9.585453106211585e-9,6.215248070082095e-8,-4.828042695470618e-9,-0.1978042164371657
fg_dupuis__leanmass_pei__raw,fg_dupuis__leanmass_pei__raw,fg_dupuis__leanmass_pei__raw,fg_dupuis__leanmass_pei__raw,1.0066108619422467,1.6260140051647105,-0.012776244403465628,FALSE,9.423775559650318e-9,6.079949705325319e-8,6.440282745056168e-10,0.026905587152009122
fg_manning__leanmass_pei__raw,fg_manning__leanmass_pei__raw,fg_manning__leanmass_pei__raw,fg_manning__leanmass_pei__raw,1.0212162788870767,1.6435852628311824,0.00954722110954983,FALSE,1.2307060274140602e-8,6.100591665875359e-8,5.460034717007219e-10,0.01992655681447833
t2d_xue__leanmass_pei__raw,t2d_xue__leanmass_pei__raw,t2d_xue__leanmass_pei__raw,t2d_xue__leanmass_pei__raw,1.1661823106810765,1.7693502409881443,0.01765835205668099,FALSE,6.696220938023745e-9,5.6442852608281964e-8,-5.985361520681131e-10,-0.030787258814460462
glu2h_chen__ffm_ukb__raw,glu2h_chen__ffm_ukb__raw,glu2h_chen__ffm_ukb__raw,glu2h_chen__ffm_ukb__raw,1.0146594367315562,1.4906466170306878,-0.0445596159354163,TRUE,9.445517861126436e-9,5.025813366728393e-8,-4.3991324719842755e-9,-0.201906813526618
fg_dupuis__ffm_ukb__raw,fg_dupuis__ffm_ukb__raw,fg_dupuis__ffm_ukb__raw,fg_dupuis__ffm_ukb__raw,1.0077970648894468,1.4801453860673064,-0.015684317554801087,FALSE,9.217795603672228e-9,4.8958511934437385e-8,3.542362052971962e-9,0.16674979374362617
fg_manning__ffm_ukb__raw,fg_manning__ffm_ukb__raw,fg_manning__ffm_ukb__raw,fg_manning__ffm_ukb__raw,1.0197934691290915,1.4852708503586758,0.020232653282965016,TRUE,1.246469962214928e-8,4.9509893624623616e-8,3.99632711948613e-9,0.160869652980208
t2d_xue__ffm_ukb__raw,t2d_xue__ffm_ukb__raw,t2d_xue__ffm_ukb__raw,t2d_xue__ffm_ukb__raw,1.1699098457179704,1.5868043727937957,0.18045749082151386,TRUE,6.572627766323435e-9,4.615979541961073e-8,4.3409544898040595e-9,0.24922050774637253
glu2h_chen__bmi_ukb__raw,glu2h_chen__bmi_ukb__raw,glu2h_chen__bmi_ukb__raw,glu2h_chen__bmi_ukb__raw,1.013337601292158,1.3523012449226934,-0.028139873645841564,TRUE,9.630740508770499e-9,3.9962670838863856e-8,-1.5823076132208159e-9,-0.08065546958717358
fg_dupuis__bmi_ukb__raw,fg_dupuis__bmi_ukb__raw,fg_dupuis__bmi_ukb__raw,fg_dupuis__bmi_ukb__raw,1.0074491522080846,1.3461454906696595,-0.005968452397872144,FALSE,9.281497617492994e-9,3.938775470609496e-8,4.476999346673651e-9,0.23415174028596236
fg_manning__bmi_ukb__raw,fg_manning__bmi_ukb__raw,fg_manning__bmi_ukb__raw,fg_manning__bmi_ukb__raw,1.0193927899278217,1.348256321311836,0.02274880801005827,TRUE,1.2533804767063037e-8,3.973329366732135e-8,6.293165124943568e-9,0.28200082630991674
t2d_xue__bmi_ukb__raw,t2d_xue__bmi_ukb__raw,t2d_xue__bmi_ukb__raw,t2d_xue__bmi_ukb__raw,1.175115019957215,1.453715413934833,0.24305914158272968,TRUE,6.493051034880462e-9,3.6845317972650046e-8,8.19354682162432e-9,0.5297322057158602
glu2h_chen__fatmass_ukb__raw,glu2h_chen__fatmass_ukb__raw,glu2h_chen__fatmass_ukb__raw,glu2h_chen__fatmass_ukb__raw,1.013620809741744,1.3500168506529655,-0.029238825360636843,TRUE,9.587665316845898e-9,3.8415763400352755e-8,-1.556687169548408e-9,-0.08111294676383457
fg_dupuis__fatmass_ukb__raw,fg_dupuis__fatmass_ukb__raw,fg_dupuis__fatmass_ukb__raw,fg_dupuis__fatmass_ukb__raw,1.0076943519898416,1.346415228029839,-0.008058657668918376,FALSE,9.23053842432866e-9,3.7736973275066787e-8,3.775238025765752e-9,0.20227736582795594
fg_manning__fatmass_ukb__raw,fg_manning__fatmass_ukb__raw,fg_manning__fatmass_ukb__raw,fg_manning__fatmass_ukb__raw,1.0194106943358001,1.3423024314836352,0.015964881418126103,FALSE,1.2538141028022285e-8,3.8273161849749855e-8,5.700907658089251e-9,0.260243721209251
t2d_xue__fatmass_ukb__raw,t2d_xue__fatmass_ukb__raw,t2d_xue__fatmass_ukb__raw,t2d_xue__fatmass_ukb__raw,1.1736689883921576,1.4585154497066277,0.23320571724047445,TRUE,6.523819034398721e-9,3.512452002326175e-8,7.577345858318865e-9,0.5005655515790266
ad_bellenguez__leanmass_pei__raw,ad_bellenguez__leanmass_pei__raw,ad_bellenguez__leanmass_pei__raw,ad_bellenguez__leanmass_pei__raw,1.0922703030898917,1.637248361304573,-0.01593794164113299,FALSE,3.3901642978680085e-9,6.197742088377313e-8,-8.973438989928456e-10,-0.06190586433106745
ad_kunkle__leanmass_pei__raw,ad_kunkle__leanmass_pei__raw,ad_kunkle__leanmass_pei__raw,ad_kunkle__leanmass_pei__raw,1.0300682408749182,1.640950597356683,-0.00849032175541014,FALSE,1.0790393076380778e-8,6.194389341483838e-8,-1.6502930441505543e-9,-0.06383269591804087
ad_bellenguez__ffm_ukb__raw,ad_bellenguez__ffm_ukb__raw,ad_bellenguez__ffm_ukb__raw,ad_bellenguez__ffm_ukb__raw,1.092781460641682,1.4841198072867425,-0.04723705313785896,TRUE,3.3878198894429887e-9,5.0137955285659834e-8,-1.5404034566196698e-9,-0.1181927992408278
ad_kunkle__ffm_ukb__raw,ad_kunkle__ffm_ukb__raw,ad_kunkle__ffm_ukb__raw,ad_kunkle__ffm_ukb__raw,1.0293046664482954,1.4853520533244429,-0.006348229015494242,FALSE,1.0978587388741443e-8,5.012366419185511e-8,-1.9647249381417056e-9,-0.08375430134310816
ad_bellenguez__glu2h_chen__raw,ad_bellenguez__glu2h_chen__raw,ad_bellenguez__glu2h_chen__raw,ad_bellenguez__glu2h_chen__raw,1.0910882625757226,1.013767518606844,0.007798711582672065,FALSE,3.4387926876746105e-9,9.577679885808302e-9,8.121639911639791e-11,0.014151763893689358
ad_kunkle__glu2h_chen__raw,ad_kunkle__glu2h_chen__raw,ad_kunkle__glu2h_chen__raw,ad_kunkle__glu2h_chen__raw,1.0279761735000807,1.0129365186701476,-0.0019153283151856822,FALSE,1.1133422255567601e-8,9.625411975450911e-9,1.9033633345048687e-9,0.18386441963440567
ad_bellenguez__fg_dupuis__raw,ad_bellenguez__fg_dupuis__raw,ad_bellenguez__fg_dupuis__raw,ad_bellenguez__fg_dupuis__raw,1.0863987967545903,1.0043604894287048,0.007296515762281986,FALSE,3.3204650772623455e-9,9.717458471864445e-9,-9.72355134310323e-10,-0.17117845671350376
ad_kunkle__fg_dupuis__raw,ad_kunkle__fg_dupuis__raw,ad_kunkle__fg_dupuis__raw,ad_kunkle__fg_dupuis__raw,1.0304267345112876,1.0081443828968413,0.014076837293808778,FALSE,1.0155066697195933e-8,8.723296008626294e-9,-2.5371244680722315e-9,-0.2695628744430991
ad_bellenguez__fg_manning__raw,ad_bellenguez__fg_manning__raw,ad_bellenguez__fg_manning__raw,ad_bellenguez__fg_manning__raw,1.0896193114663593,1.0169256519340346,0.006639074157621919,FALSE,3.314762310614999e-9,1.288420793403315e-8,-2.774555743131619e-10,-0.04245593364961402
ad_kunkle__fg_manning__raw,ad_kunkle__fg_manning__raw,ad_kunkle__fg_manning__raw,ad_kunkle__fg_manning__raw,1.0250931085773296,1.0169041942819947,0.006022026083061011,FALSE,1.1293135476866667e-8,1.2888974781573957e-8,9.334905604115735e-10,0.0773737194827373
ad_bellenguez__t2d_xue__raw,ad_bellenguez__t2d_xue__raw,ad_bellenguez__t2d_xue__raw,ad_bellenguez__t2d_xue__raw,1.0901819367092997,1.164947010461979,-0.006391052822928518,FALSE,3.3015149186181726e-9,6.714546878589416e-9,-3.534541595812692e-10,-0.0750702928059419
ad_kunkle__t2d_xue__raw,ad_kunkle__t2d_xue__raw,ad_kunkle__t2d_xue__raw,ad_kunkle__t2d_xue__raw,1.0357265226191497,1.164536589123344,0.016181285539340957,FALSE,9.756873561717984e-9,6.716809940940682e-9,-1.1748409395988232e-10,-0.014512499025587674
ad_bellenguez__bmi_ukb__raw,ad_bellenguez__bmi_ukb__raw,ad_bellenguez__bmi_ukb__raw,ad_bellenguez__bmi_ukb__raw,1.0926420102098149,1.3397075294597958,-0.019577484162840733,FALSE,3.3906587988287445e-9,4.0096696615141916e-8,-1.2876407177864411e-9,-0.11043287017128382
ad_kunkle__bmi_ukb__raw,ad_kunkle__bmi_ukb__raw,ad_kunkle__bmi_ukb__raw,ad_kunkle__bmi_ukb__raw,1.0297768737580903,1.342229521379195,0.012969744617753552,FALSE,1.0912602887904923e-8,4.0046848539591896e-8,-3.912463646169081e-10,-0.018715522957250205
ad_bellenguez__fatmass_ukb__raw,ad_bellenguez__fatmass_ukb__raw,ad_bellenguez__fatmass_ukb__raw,ad_bellenguez__fatmass_ukb__raw,1.0919522969277213,1.3410201149385794,-0.014080623920307497,FALSE,3.4057928909298564e-9,3.84353099916225e-8,-1.4869198452451043e-9,-0.1299610604580564
ad_kunkle__fatmass_ukb__raw,ad_kunkle__fatmass_ukb__raw,ad_kunkle__fatmass_ukb__raw,ad_kunkle__fatmass_ukb__raw,1.030357613373138,1.3434875984298578,0.008493719629600695,FALSE,1.0831453659599837e-8,3.8391302428109576e-8,-1.0106090487811924e-9,-0.04955909722114121
