exposure,outcome,id.exposure,id.outcome,samplesize,SNP,b,se,p
LDL-C,Calcium levels || id:ebi-a-GCST90025990,ieu-b-110,ebi-a-GCST90025990,400792,rs115114236,0.18631228338010378,0.021883146786652728,1.6808890850898127e-17
LDL-C,Calcium levels || id:ebi-a-GCST90025990,ieu-b-110,ebi-a-GCST90025990,400792,rs116070404,0.18489594562781514,0.02184311010945937,2.5675522929270384e-17
LDL-C,Calcium levels || id:ebi-a-GCST90025990,ieu-b-110,ebi-a-GCST90025990,400792,rs116153450,0.1849003270113063,0.021844157510522356,2.5720787567394703e-17
LDL-C,Calcium levels || id:ebi-a-GCST90025990,ieu-b-110,ebi-a-GCST90025990,400792,rs12916,0.18623488665900573,0.027474791436677463,1.215213713782318e-11
LDL-C,Calcium levels || id:ebi-a-GCST90025990,ieu-b-110,ebi-a-GCST90025990,400792,rs140727619,0.17956012383314077,0.021824631651557024,1.913098045199822e-16
LDL-C,Calcium levels || id:ebi-a-GCST90025990,ieu-b-110,ebi-a-GCST90025990,400792,rs2303152,0.19016695706294615,0.022058147512952615,6.627559970964061e-18
LDL-C,Calcium levels || id:ebi-a-GCST90025990,ieu-b-110,ebi-a-GCST90025990,400792,rs2307111,0.1792880440355686,0.023418508863164517,1.920726849770839e-14
LDL-C,Calcium levels || id:ebi-a-GCST90025990,ieu-b-110,ebi-a-GCST90025990,400792,rs28493912,0.1878692337420395,0.021981708836689186,1.267495670057376e-17
LDL-C,Calcium levels || id:ebi-a-GCST90025990,ieu-b-110,ebi-a-GCST90025990,400792,rs57297443,0.18838137055733042,0.021910470050413407,8.127389726904396e-18
LDL-C,Calcium levels || id:ebi-a-GCST90025990,ieu-b-110,ebi-a-GCST90025990,400792,rs57907925,0.18908811816597879,0.023214827893458974,3.7883053100483306e-16
LDL-C,Calcium levels || id:ebi-a-GCST90025990,ieu-b-110,ebi-a-GCST90025990,400792,rs72768359,0.18750254845282527,0.021987010000374015,1.4905605436055485e-17
LDL-C,Calcium levels || id:ebi-a-GCST90025990,ieu-b-110,ebi-a-GCST90025990,400792,rs74343614,0.18621836021092417,0.02184292838209928,1.5236347048734557e-17
LDL-C,Calcium levels || id:ebi-a-GCST90025990,ieu-b-110,ebi-a-GCST90025990,400792,rs76294854,0.18496713590579109,0.021842569073027795,2.49224668160643e-17
LDL-C,Calcium levels || id:ebi-a-GCST90025990,ieu-b-110,ebi-a-GCST90025990,400792,rs7717355,0.1905214278432926,0.02234492274273161,1.5099133826427948e-17
LDL-C,Calcium levels || id:ebi-a-GCST90025990,ieu-b-110,ebi-a-GCST90025990,400792,rs7730287,0.17670165646240749,0.022170762744547004,1.5863514421468098e-15
LDL-C,Calcium levels || id:ebi-a-GCST90025990,ieu-b-110,ebi-a-GCST90025990,400792,rs80220036,0.18431099710910376,0.021956495923856716,4.6839051772326054e-17
LDL-C,Calcium levels || id:ebi-a-GCST90025990,ieu-b-110,ebi-a-GCST90025990,400792,All,0.18542888097995905,0.021663215354889426,1.1324061791548032e-17
