SNP,effect_allele.exposure,other_allele.exposure,effect_allele.outcome,other_allele.outcome,beta.exposure,beta.outcome,eaf.exposure,eaf.outcome,remove,palindromic,ambiguous,id.outcome,chr,pos,se.outcome,samplesize.outcome,pval.outcome,outcome,originalname.outcome,outcome.deprecated,mr_keep.outcome,data_source.outcome,proxy.outcome,target_snp.outcome,proxy_snp.outcome,target_a1.outcome,target_a2.outcome,proxy_a1.outcome,proxy_a2.outcome,id.exposure,chr.exposure,pos.exposure,se.exposure,pval.exposure,exposure,mr_keep.exposure,pval_origin.exposure,clumped,study_label,opengwas_id,samplesize.exposure,action,SNP_index,mr_keep,units.outcome,units.exposure,rsq.exposure,effective_n.exposure,rsq.outcome,effective_n.outcome,steiger_dir,steiger_pval,nearest_gene,distance,R2.exposure,F.exposure,mechanism,bin_gene,bin_method
rs11725618,C,T,C,T,0.036064,5e-4,0.287,0.2787,FALSE,FALSE,FALSE,ebi-a-GCST90027158,4,67053769,0.0093,85934,0.957,Alzheimer's disease || id:ebi-a-GCST90027158,Alzheimer's disease,Alzheimer's disease ||  || ,TRUE,igd,NA,NA,NA,NA,NA,NA,NA,ieu-b-142,4,67053769,0.00615782,4.67003e-9,Cigarettes per day,TRUE,reported,TRUE,cig.liu,ieu-b-142,249752,2,1,TRUE,NA,NA,1.3731838006728848e-4,249752,3.363714886074347e-8,85934,TRUE,0.003537108872721123,MIR1269A,88772,5.32291107633152e-4,133.010504440115,other_pleiotropic,NA,none
rs11852372,C,A,C,A,0.182472,-0.0259,0.328,0.3478,FALSE,FALSE,FALSE,ebi-a-GCST90027158,15,78801394,0.0085,85934,0.00240298,Alzheimer's disease || id:ebi-a-GCST90027158,Alzheimer's disease,Alzheimer's disease ||  || ,TRUE,igd,NA,NA,NA,NA,NA,NA,NA,ieu-b-142,15,78801394,0.00591085,9.999999999999995e-201,Cigarettes per day,TRUE,reported,TRUE,cig.liu,ieu-b-142,249752,2,1,TRUE,NA,NA,0.003801307985186028,249752,1.080338456747055e-4,85934,TRUE,1.5674896306498825e-38,HYKK,0,0.014677955842572287,3720.427745851518,nAChR_pharmacodynamic,CHRNA5,cis-window
rs1579233,G,A,G,A,-0.0318201,-0.0026,0.571,0.5533,FALSE,FALSE,FALSE,ebi-a-GCST90027158,16,52074530,0.0083,85934,0.754401,Alzheimer's disease || id:ebi-a-GCST90027158,Alzheimer's disease,Alzheimer's disease ||  || ,TRUE,igd,NA,NA,NA,NA,NA,NA,NA,ieu-b-142,16,52074530,0.00556452,1.06999e-8,Cigarettes per day,TRUE,reported,TRUE,cig.liu,ieu-b-142,249752,2,1,TRUE,NA,NA,1.3091376382340467e-4,249752,1.1419184646431907e-6,85934,TRUE,0.0087163428610919,LINC00919,0,4.960511678262511e-4,123.9502648382316,other_pleiotropic,NA,none
rs2072659,G,C,G,C,-0.0652518,0.0193,0.105,0.1061,FALSE,TRUE,FALSE,ebi-a-GCST90027158,1,154548521,0.0139,85934,0.1643,Alzheimer's disease || id:ebi-a-GCST90027158,Alzheimer's disease,Alzheimer's disease ||  || ,TRUE,igd,NA,NA,NA,NA,NA,NA,NA,ieu-b-142,1,154548521,0.00924651,1.71002e-12,Cigarettes per day,TRUE,reported,TRUE,cig.liu,ieu-b-142,249752,2,1,TRUE,NA,NA,1.9935963005655665e-4,249752,2.2434704540479267e-5,85934,TRUE,0.01765798336829889,CHRNB2,0,8.00253021938958e-4,200.02326144868718,nAChR_pharmacodynamic,CHRNB2,cis-window
rs2084533,T,C,T,C,0.0336406,-0.0033,0.319,0.3163,FALSE,FALSE,FALSE,ebi-a-GCST90027158,3,16872929,0.0088,85934,0.709601,Alzheimer's disease || id:ebi-a-GCST90027158,Alzheimer's disease,Alzheimer's disease ||  || ,TRUE,igd,NA,NA,NA,NA,NA,NA,NA,ieu-b-142,3,16872929,0.00590094,1.22e-8,Cigarettes per day,TRUE,reported,TRUE,cig.liu,ieu-b-142,249752,2,1,TRUE,NA,NA,1.3011371000460272e-4,249752,1.6364656923149937e-6,85934,TRUE,0.01044107883055231,PLCL2,0,4.916943940731161e-4,122.86108502651804,other_pleiotropic,NA,none
rs215600,A,G,A,G,-0.0492503,-0.0024,0.64,0.6459,FALSE,FALSE,FALSE,ebi-a-GCST90027158,7,32333642,0.0085,85934,0.7791,Alzheimer's disease || id:ebi-a-GCST90027158,Alzheimer's disease,Alzheimer's disease ||  || ,TRUE,igd,NA,NA,NA,NA,NA,NA,NA,ieu-b-142,7,32333642,0.0057525,1.10002e-17,Cigarettes per day,TRUE,reported,TRUE,cig.liu,ieu-b-142,249752,2,1,TRUE,NA,NA,2.934077391251441e-4,249752,9.277464673009085e-7,85934,TRUE,4.3511693026338916e-5,PDE1C,0,0.0011177128166814719,279.46113325660286,other_pleiotropic,NA,none
rs2273500,C,T,C,T,0.0680938,-0.0209,0.159,0.1548,FALSE,FALSE,FALSE,ebi-a-GCST90027158,20,61986949,0.0113,85934,0.0643695,Alzheimer's disease || id:ebi-a-GCST90027158,Alzheimer's disease,Alzheimer's disease ||  || ,TRUE,igd,NA,NA,NA,NA,NA,NA,NA,ieu-b-142,20,61986949,0.00779553,2.4700200000000002e-18,Cigarettes per day,TRUE,reported,TRUE,cig.liu,ieu-b-142,249752,2,1,TRUE,NA,NA,3.0541171480583676e-4,249752,3.9807369223193625e-5,85934,TRUE,0.004743691973772284,CHRNA4,0,0.0012400473181155966,310.0863394329684,nAChR_pharmacodynamic,CHRNA4,cis-window
rs2424888,A,G,A,G,0.0334848,-0.0174,0.405,0.3683,FALSE,FALSE,FALSE,ebi-a-GCST90027158,20,31047533,0.0086,85934,0.0427504,Alzheimer's disease || id:ebi-a-GCST90027158,Alzheimer's disease,Alzheimer's disease ||  || ,TRUE,igd,NA,NA,NA,NA,NA,NA,NA,ieu-b-142,20,31047533,0.00563586,2.76001e-9,Cigarettes per day,TRUE,reported,TRUE,cig.liu,ieu-b-142,249752,2,1,TRUE,NA,NA,1.4132147110849434e-4,249752,4.7634979889372434e-5,85934,TRUE,0.20736554782291639,NOL4L,0,5.403776809697281e-4,135.03229426021795,other_pleiotropic,NA,none
rs3025383,C,T,C,T,-0.0578394,0.0123,0.18,0.1814,FALSE,FALSE,FALSE,ebi-a-GCST90027158,9,136502369,0.0106,85934,0.2424,Alzheimer's disease || id:ebi-a-GCST90027158,Alzheimer's disease,Alzheimer's disease ||  || ,TRUE,igd,NA,NA,NA,NA,NA,NA,NA,ieu-b-142,9,136502369,0.00704521,2.22024e-16,Cigarettes per day,TRUE,reported,TRUE,cig.liu,ieu-b-142,249752,2,1,TRUE,NA,NA,2.6979692065544456e-4,249752,1.5668837178122033e-5,85934,TRUE,0.0016177644488764738,DBH,0,9.87560955984672e-4,246.8871648817428,reward_behavioral,DBH,cis-window
rs34406232,A,C,A,C,-0.146992,0.0113,0.0259,0.0267,FALSE,FALSE,FALSE,ebi-a-GCST90027158,19,41305530,0.0267,85934,0.6712,Alzheimer's disease || id:ebi-a-GCST90027158,Alzheimer's disease,Alzheimer's disease ||  || ,TRUE,igd,NA,NA,NA,NA,NA,NA,NA,ieu-b-142,19,41305530,0.0166972,1.3301500000000002e-18,Cigarettes per day,TRUE,reported,TRUE,cig.liu,ieu-b-142,249752,2,1,TRUE,NA,NA,3.102129031461155e-4,249752,2.084387879979904e-6,85934,TRUE,4.335486165921402e-5,EGLN2,0,0.0010902364585395764,272.5837362475212,nicotine_metabolism,CYP2A6,cis-window
rs4785587,A,G,A,G,-0.0336223,-0.0125,0.511,0.4922,FALSE,FALSE,FALSE,ebi-a-GCST90027158,16,89772619,0.0083,85934,0.1308,Alzheimer's disease || id:ebi-a-GCST90027158,Alzheimer's disease,Alzheimer's disease ||  || ,TRUE,igd,NA,NA,NA,NA,NA,NA,NA,ieu-b-142,16,89772619,0.00553496,1.26999e-9,Cigarettes per day,TRUE,reported,TRUE,cig.liu,ieu-b-142,249752,2,1,TRUE,NA,NA,1.4772575094238938e-4,249752,2.639352878444381e-5,85934,TRUE,0.07600716237566955,VPS9D1,922,5.649559575531359e-4,141.1775094739455,other_pleiotropic,NA,none
rs56113850,C,T,C,T,0.107205,-0.0134,0.568,0.5677,FALSE,FALSE,FALSE,ebi-a-GCST90027158,19,41353107,0.0089,85934,0.1311,Alzheimer's disease || id:ebi-a-GCST90027158,Alzheimer's disease,Alzheimer's disease ||  || ,TRUE,igd,NA,NA,NA,NA,NA,NA,NA,ieu-b-142,19,41353107,0.00560367,1.10002e-81,Cigarettes per day,TRUE,reported,TRUE,cig.liu,ieu-b-142,249752,2,1,TRUE,NA,NA,0.001463334118313314,249752,2.63792963670285e-5,85934,TRUE,5.361319802014408e-17,CYP2G1P,0,0.0056401695620928,1416.6223383262854,nicotine_metabolism,CYP2A6,cis-window
rs58379124,C,T,C,T,0.0669394,-0.0021,0.748,0.23560000000000003,FALSE,FALSE,FALSE,ebi-a-GCST90027158,8,42579025,0.0097,85934,0.833,Alzheimer's disease || id:ebi-a-GCST90027158,Alzheimer's disease,Alzheimer's disease ||  || ,TRUE,igd,TRUE,rs58379124,rs57645595,T,C,T,A,ieu-b-142,8,42579203,0.00650172,8.99912e-25,Cigarettes per day,TRUE,reported,TRUE,cig.liu,ieu-b-142,249752,2,1,TRUE,NA,NA,4.2424557601479843e-4,249752,5.454311839994177e-7,85934,TRUE,5.113106545426615e-7,CHRNB3,0,0.001689257146613541,422.6058623398903,nAChR_pharmacodynamic,CHRNB3,cis-window
rs7431710,A,G,A,G,-0.0349579,0.0162,0.644,0.646,FALSE,FALSE,FALSE,ebi-a-GCST90027158,3,48935583,0.0085,85934,0.0562095,Alzheimer's disease || id:ebi-a-GCST90027158,Alzheimer's disease,Alzheimer's disease ||  || ,TRUE,igd,NA,NA,NA,NA,NA,NA,NA,ieu-b-142,3,48935583,0.0058102,1.81999e-9,Cigarettes per day,TRUE,reported,TRUE,cig.liu,ieu-b-142,249752,2,1,TRUE,NA,NA,1.4492391786577588e-4,249752,4.226870091409398e-5,85934,TRUE,0.16146627545634798,SLC25A20,0,5.603463306836125e-4,140.02495855996543,other_pleiotropic,NA,none
rs75494138,T,C,T,C,0.0598763,-0.0129,0.0618,0.0661,FALSE,FALSE,FALSE,ebi-a-GCST90027158,11,46465361,0.0164,85934,0.4323,Alzheimer's disease || id:ebi-a-GCST90027158,Alzheimer's disease,Alzheimer's disease ||  || ,TRUE,igd,NA,NA,NA,NA,NA,NA,NA,ieu-b-142,11,46465361,0.0105682,1.45001e-8,Cigarettes per day,TRUE,reported,TRUE,cig.liu,ieu-b-142,249752,2,1,TRUE,NA,NA,1.2851284892118056e-4,249752,7.200019585299353e-6,85934,TRUE,0.028665636885890418,AMBRA1,0,4.1574191360435104e-4,103.87472800088091,other_pleiotropic,NA,none
rs790564,C,A,C,A,-0.0408927,-0.0052,0.719,0.7231,FALSE,FALSE,FALSE,ebi-a-GCST90027158,8,64604218,0.0091,85934,0.57,Alzheimer's disease || id:ebi-a-GCST90027158,Alzheimer's disease,Alzheimer's disease ||  || ,TRUE,igd,NA,NA,NA,NA,NA,NA,NA,ieu-b-142,8,64604218,0.00619302,3.97009e-11,Cigarettes per day,TRUE,reported,TRUE,cig.liu,ieu-b-142,249752,2,1,TRUE,NA,NA,1.7454415122980312e-4,249752,3.7998576953293092e-6,85934,TRUE,0.004401611804532709,LINC01414,0,6.757044495763966e-4,168.8712933660382,other_pleiotropic,NA,none
rs7928017,A,C,A,C,-0.0329314,-8e-4,0.413,0.4364,FALSE,FALSE,FALSE,ebi-a-GCST90027158,11,113448762,0.0083,85934,0.9222,Alzheimer's disease || id:ebi-a-GCST90027158,Alzheimer's disease,Alzheimer's disease ||  || ,TRUE,igd,NA,NA,NA,NA,NA,NA,NA,ieu-b-142,11,113448762,0.00555848,3.14e-9,Cigarettes per day,TRUE,reported,TRUE,cig.liu,ieu-b-142,249752,2,1,TRUE,NA,NA,1.405211724536711e-4,249752,1.0811073563727089e-7,85934,TRUE,0.003564467493983027,DRD2,102348,5.258217385499775e-4,131.39306853458714,reward_behavioral,DRD2,nearest-gene
rs7951365,C,T,C,T,0.0389511,0.0102,0.306,0.3151,FALSE,FALSE,FALSE,ebi-a-GCST90027158,11,16377044,0.0089,85934,0.2539,Alzheimer's disease || id:ebi-a-GCST90027158,Alzheimer's disease,Alzheimer's disease ||  || ,TRUE,igd,NA,NA,NA,NA,NA,NA,NA,ieu-b-142,11,16377044,0.00596781,6.62979e-11,Cigarettes per day,TRUE,reported,TRUE,cig.liu,ieu-b-142,249752,2,1,TRUE,NA,NA,1.705414337018665e-4,249752,1.5284765224948377e-5,85934,TRUE,0.02068641203599617,SOX6,0,6.443923060762409e-4,161.04075186400706,other_pleiotropic,NA,none
rs806798,C,T,C,T,-0.030850700000000002,-0.0046,0.543,0.5164,FALSE,FALSE,FALSE,ebi-a-GCST90027158,6,26214473,0.0082,85934,0.5729,Alzheimer's disease || id:ebi-a-GCST90027158,Alzheimer's disease,Alzheimer's disease ||  || ,TRUE,igd,NA,NA,NA,NA,NA,NA,NA,ieu-b-142,6,26214473,0.00553204,2.47999e-8,Cigarettes per day,TRUE,reported,TRUE,cig.liu,ieu-b-142,249752,2,1,TRUE,NA,NA,1.2450874285239292e-4,249752,3.6621105327276336e-6,85934,TRUE,0.01940587925188167,H2AC8,2675,4.7236321572156805e-4,118.02846543193974,other_pleiotropic,NA,none
rs895330,G,C,G,C,-0.0390041,-4e-4,0.206,0.2032,FALSE,TRUE,FALSE,ebi-a-GCST90027158,19,4060707,0.011,85934,0.9687,Alzheimer's disease || id:ebi-a-GCST90027158,Alzheimer's disease,Alzheimer's disease ||  || ,TRUE,igd,NA,NA,NA,NA,NA,NA,NA,ieu-b-142,19,4060707,0.00701668,2.67997e-8,Cigarettes per day,TRUE,reported,TRUE,cig.liu,ieu-b-142,249752,2,1,TRUE,NA,NA,1.2370804825563925e-4,249752,1.5387911712041214e-8,85934,TRUE,0.00541818090825723,ZBTB7A,0,4.976663090334216e-4,124.35404750093021,other_pleiotropic,NA,none
