SNP,cluster,probability,cluster_mean,theta,theta_se,cluster_class,nearest_gene,mechanism,beta.exposure,beta.outcome
rs11725618,1,0.996,-0.113,0.0138642413487134,0.2578748890860692,1,MIR1269A,other_pleiotropic,0.036064,5e-4
rs11852372,1,1,-0.113,-0.14193958525143582,0.046582489368231846,1,HYKK,nAChR_pharmacodynamic,0.182472,-0.0259
rs1579233,1,0.995,-0.113,0.08170935980716591,0.2608414178459527,1,LINC00919,other_pleiotropic,-0.0318201,-0.0026
rs2072659,1,0.998,-0.113,-0.2957772812397513,0.2130209434835514,1,CHRNB2,nAChR_pharmacodynamic,-0.0652518,0.0193
rs2084533,1,0.997,-0.113,-0.0980957533456597,0.2615886755884259,1,PLCL2,other_pleiotropic,0.0336406,-0.0033
rs215600,1,0.995,-0.113,0.04873066763045098,0.1725877811911806,1,PDE1C,other_pleiotropic,-0.0492503,-0.0024
rs2273500,1,0.999,-0.113,-0.30692955893194385,0.1659475605708596,1,CHRNA4,nAChR_pharmacodynamic,0.0680938,-0.0209
rs2424888,1,0.998,-0.113,-0.5196387614678898,0.2568329510703364,1,NOL4L,other_pleiotropic,0.0334848,-0.0174
rs3025383,1,0.998,-0.113,-0.21265780765360637,0.1832660781405063,1,DBH,reward_behavioral,-0.0578394,0.0123
rs34406232,1,0.997,-0.113,-0.07687493196908675,0.18164253836943506,1,EGLN2,nicotine_metabolism,-0.146992,0.0113
rs4785587,1,0.992,-0.113,0.3717770646267507,0.24685997091216247,1,VPS9D1,other_pleiotropic,-0.0336223,-0.0125
rs56113850,1,0.999,-0.113,-0.12499417004803881,0.08301851592742876,1,CYP2G1P,nicotine_metabolism,0.107205,-0.0134
rs58379124,1,0.996,-0.113,-0.03137165854489284,0.1449071847073622,1,CHRNB3,nAChR_pharmacodynamic,0.0669394,-0.0021
rs7431710,1,0.998,-0.113,-0.46341456437600653,0.24314961711086766,1,SLC25A20,other_pleiotropic,-0.0349579,0.0162
rs75494138,1,0.997,-0.113,-0.2154441740722122,0.2738980197507194,1,AMBRA1,other_pleiotropic,0.0598763,-0.0129
rs790564,1,0.995,-0.113,0.1271620607101023,0.22253360624267904,1,LINC01414,other_pleiotropic,-0.0408927,-0.0052
rs7928017,1,0.996,-0.113,0.024292924078539026,0.25203908731484237,1,DRD2,reward_behavioral,-0.0329314,-8e-4
rs7951365,1,0.993,-0.113,0.26186680222124664,0.2284916215459897,1,SOX6,other_pleiotropic,0.0389511,0.0102
rs806798,1,0.995,-0.113,0.14910520668898922,0.2657962380108069,1,H2AC8,other_pleiotropic,-0.030850700000000002,-0.0046
rs895330,1,0.996,-0.113,0.010255332131750252,0.28202163362313193,1,ZBTB7A,other_pleiotropic,-0.0390041,-4e-4
