gene,status,exposure,b,se,pval,cond_F
CHRNA5,no MVMR exposures,NA,NA,NA,NA,NA
CHRNA3,no MVMR exposures,NA,NA,NA,NA,NA
CHRNB4,no MVMR exposures,NA,NA,NA,NA,NA
CHRNA4,no MVMR exposures,NA,NA,NA,NA,NA
CHRNB2,NA,ENSG00000160716 || id:eqtl-a-ENSG00000160716,-1.5777357127514464e-4,0.07729983118257706,0.9983714710977667,NA
CHRNB2,NA,Cigarettes smoked per day || id:ieu-b-142,-0.11870162682752819,0.07468769209039362,0.11199123518644946,NA
CHRNA7,no MVMR exposures,NA,NA,NA,NA,NA
CHRNA6,no MVMR exposures,NA,NA,NA,NA,NA
CHRNB3,no MVMR exposures,NA,NA,NA,NA,NA
