SP2,CHR,POS,EA,OA,BETA,SE,P,ALT_FREQS,N_exposure,R2,F
10:100179851:T:C,10,100162639,C,T,-0.03719,0.004556,3.31131e-16,0.110338,385066,2.715391792707463e-4,104.58836236478847
10:104654211:A:G,10,104751781,G,A,0.01805,0.003067,3.99025e-9,0.212724,385066,1.0912591824781751e-4,42.025048606196165
10:116003053:T:C,10,115843840,C,T,0.01562,0.002543,8.10961e-10,0.414513,385066,1.1842611075197567e-4,45.60703297413683
10:120977763:G:A,NA,120978483,NA,NA,-0.01415,0.002512,1.77828e-8,0.469185,385066,9.973100175391988e-5,38.40664879292953
10:126477406:A:G,10,126358073,G,A,0.01587,0.002857,2.80543e-8,0.715706,385066,1.0249111109050437e-4,39.469682492567024
10:21876939:C:A,NA,21675186,NA,NA,0.01411,0.002767,3.43558e-7,0.322068,385066,8.693961920910985e-5,33.480228289435196
10:22337752:A:G,10,22424228,G,A,-0.02115,0.00288,2.0893e-13,0.766402,385066,1.6016827144350938e-4,61.68491524137185
10:50508372:A:G,10,50510070,G,A,-0.02437,0.00252,3.98107e-22,0.550696,385066,2.938957196651986e-4,113.20193096012706
10:52881906:T:C,10,52871560,C,T,-0.02148,0.003597,2.34963e-9,0.845924,385066,1.2027209930505168e-4,46.31802641307279
10:61885362:C:T,NA,61886957,NA,NA,-0.01406,0.002605,6.83912e-8,0.395626,385066,9.453469665719512e-5,36.40535000232535
10:63575595:A:G,10,63582056,G,A,-0.01297,0.002532,2.99226e-7,0.45328,385066,8.337607883493888e-5,32.10780344324801
10:64914467:A:G,10,65376473,G,A,0.01789,0.002722,4.89779e-11,0.28827,385066,1.3133043930041983e-4,50.577266613419816
10:65393613:A:G,10,65483262,G,A,0.01743,0.00264,4.0738e-11,0.318091,385066,1.3179610442019848e-4,50.75662467786537
10:81010850:T:G,10,80999869,G,T,0.02216,0.002632,3.80189e-17,0.635189,385066,2.275833056421554e-4,87.65408661057481
10:8108592:T:C,10,8118677,C,T,-0.0273,0.003026,1.8197e-19,0.250497,385066,2.798537909433249e-4,107.79178609577191
10:9174598:T:C,NA,9189392,NA,NA,0.01418,0.002548,2.60615e-8,0.451292,385066,9.958212382232258e-5,38.34930983323913
10:9286568:T:C,10,9279427,C,T,0.0326,0.002725,5.37032e-33,0.359841,385066,4.896251261143288e-4,188.62936723981153
10:9348107:C:T,NA,9280221,NA,NA,-0.07184,0.008405,1.25893e-17,0.0119284,385066,1.2165592176838542e-4,46.8510155633057
10:9324279:T:G,10,9321880,G,T,-0.05727,0.003401,1.23027e-63,0.15507,385066,8.594742688025816e-4,331.2372897696222
10:9524819:T:C,10,9397059,C,T,-0.06003,0.00835,6.45654e-13,0.0208748,385066,1.4730830551760863e-4,56.73148237437052
10:94436851:T:C,10,94450233,C,T,-0.01808,0.002518,7.07946e-13,0.515905,385066,1.6327781573221247e-4,62.88267618312324
10:96035980:T:C,10,96039597,C,T,-0.02221,0.004032,3.6141e-8,0.114314,385066,9.988638922534735e-5,38.46649485994686
10:96305329:T:C,10,96591544,C,T,-0.01295,0.002527,2.98538e-7,0.439364,385066,8.261805822041911e-5,31.815868535866496
11:102017149:T:C,11,102013412,C,T,0.01624,0.002639,7.55092e-10,0.620278,385066,1.2423792320926267e-4,47.84549588769553
11:103802913:G:T,NA,103831791,NA,NA,-0.01345,0.002569,1.62555e-7,0.378728,385066,8.513022077489888e-5,32.78337418834807
11:116924978:A:C,11,116893790,C,A,0.02162,0.003519,8.0167800000000005e-10,0.139165,385066,1.1199311262148543e-4,43.12934610819565
11:118793918:T:C,11,118800061,C,T,0.03623,0.006003,1.58855e-9,0.0606362,385066,1.4953142097418715e-4,57.58777826831961
11:119172536:A:G,11,119043745,G,A,-0.02113,0.002891,2.69153e-13,0.250497,385066,1.6765051595167484e-4,64.56700296577638
11:122522375:T:C,11,122535333,C,T,0.018,0.00258,3.0903e-12,0.382704,385066,1.53084588152832e-4,58.95638916703672
11:126218773:C:G,11,126227723,G,C,-0.0705,0.005199,6.91831e-42,0.054672,385066,5.137545873012478e-4,197.93008389313272
11:126595819:T:C,11,126586335,C,T,0.02353,0.003961,2.83792e-9,0.878728,385066,1.1800186058154077e-4,45.44363087596536
11:128735666:T:C,NA,128734669,NA,NA,0.01984,0.003201,5.74116e-10,0.172962,385066,1.1261325053158685e-4,43.3681925358261
11:13571211:T:G,11,13508384,G,T,-0.03736,0.002598,7.07946e-47,0.335984,385066,6.227889109644443e-4,239.9630355291817
11:2956166:T:C,11,3009640,C,T,-0.03301,0.002766,7.58578e-33,0.297217,385066,4.552143437244514e-4,175.3664853914709
11:35185056:A:G,11,35168546,G,A,-0.0147,0.002785,1.30918e-7,0.705765,385066,8.97468293204595e-5,34.561374859264
11:47663049:A:G,11,47946836,G,A,-0.02379,0.002631,1.54882e-19,0.353877,385066,2.58813197030627e-4,99.68544481007007
11:65363958:A:G,11,65351364,G,A,-0.01556,0.002862,5.45758e-8,0.256461,385066,9.233668213708082e-5,35.55881555348182
11:68682402:A:G,11,68613367,G,A,0.01479,0.002918,4.02717e-7,0.267396,385066,8.570191682752563e-5,33.00355136888876
11:69480191:A:G,11,69452706,G,A,0.08044,0.009657,8.12831e-17,0.0228628,385066,2.8910731750517936e-4,111.3570142354854
11:71812592:G:A,NA,71597723,NA,NA,0.01556,0.002517,6.29506e-10,0.485089,385066,1.2094913793106034e-4,46.57879251308615
11:8252853:A:G,11,8255408,G,A,-0.01279,0.002444,1.65959e-7,0.522863,385066,8.162103369557645e-5,31.431887222079517
11:87887438:T:C,11,87891387,C,T,0.02191,0.002814,6.91831e-15,0.257455,385066,1.8354343679499017e-4,70.68894443783161
12:110723203:T:C,12,110690569,C,T,-0.01952,0.002618,8.70964e-14,0.354871,385066,1.7446435030401823e-4,67.19166313532124
12:113527940:A:C,12,113527371,C,A,0.07225,0.01177,8.29851e-10,0.0149105,385066,1.533464037951137e-4,59.05723584569668
12:12205282:A:G,12,12209203,G,A,-0.03404,0.004502,3.98107e-14,0.0755467,385066,1.6184883362833788e-4,62.33224767384574
12:123274480:A:G,12,123519112,G,A,-0.03897,0.004668,6.91831e-17,0.0795229,385066,2.223289438775621e-4,85.62991045282487
12:123895263:A:T,NA,123895260,NA,NA,0.03083,0.005248,4.2462e-9,0.082505,385066,1.4390007488354053e-4,55.41871319193392
12:12891420:A:G,12,12889289,G,A,-0.02039,0.004124,7.63836e-7,0.13320100000000001,385066,9.600422235324161e-5,36.97131927898538
12:20582640:A:T,NA,20582651,NA,NA,-0.01864,0.003184,4.77529e-9,0.206759,385066,1.1397022038434036e-4,43.890831189779185
12:25409069:A:G,12,25407726,G,A,-0.02919,0.004899,2.5527e-9,0.0725646,385066,1.1468501086635975e-4,44.166134217826645
12:4004752:T:C,12,4006794,C,T,-0.02562,0.003298,8.12831e-15,0.827038,385066,1.877865181589442e-4,72.32340918954878
12:4057955:T:C,12,4045636,C,T,0.01683,0.002947,1.1272e-8,0.37674,385066,1.3301763328926072e-4,51.227116054633704
12:4374373:A:G,12,4386064,G,A,0.01784,0.003115,1.01859e-8,0.201789,385066,1.0252620735860727e-4,39.48319957304136
12:4573791:T:G,12,4580488,G,T,0.022,0.00377,5.42001e-9,0.100398,385066,8.7428057864928e-5,33.66834123138602
12:48190269:C:T,NA,48212719,NA,NA,0.0171,0.003009,1.3213e-8,0.204771,385066,9.523199380125438e-5,36.673904990178904
12:49018384:A:G,12,49107502,G,A,-0.03133,0.002771,1.2022599999999999e-29,0.27336,385066,3.89946523123173e-4,150.2129429947504
12:54729872:T:C,NA,54723028,NA,NA,-0.01865,0.002541,2.13796e-13,0.471173,385066,1.7333317183697078e-4,66.75593549827018
12:57975155:A:C,12,57976118,C,A,-0.0191,0.002791,7.58578e-12,0.294235,385066,1.5151344719513548e-4,58.351215024484034
12:6493100:G:T,NA,6493351,NA,NA,-0.01459,0.002557,1.1695e-8,0.437376,385066,1.047644125115302e-4,40.34523048370913
12:89922458:C:T,NA,90043098,NA,NA,-0.06132,0.01189,2.50035e-7,0.0159046,385066,1.1770481820340222e-4,45.32922358469621
12:90171438:T:G,12,90213083,G,T,0.02538,0.003466,2.45471e-13,0.164016,385066,1.7664339898657567e-4,68.0310310199227
13:110501545:A:C,13,110497532,C,A,-0.01869,0.002598,6.30957e-13,0.601392,385066,1.674758750810568e-4,64.49973251135688
13:110955187:T:C,13,110957872,C,T,0.015,0.002756,5.26017e-8,0.272366,385066,8.91822429198e-5,34.343934056739734
13:20436598:T:G,13,20474599,G,T,0.02175,0.003751,6.63743e-9,0.131213,385066,1.0785460612350486e-4,41.535405837178025
13:31033232:C:T,NA,31037903,NA,NA,-0.02073,0.002849,3.38844e-13,0.271372,385066,1.699415173910255e-4,65.44948303711763
13:42487165:A:T,13,42548979,T,A,-0.0396,0.00388,1.8197e-24,0.120278,385066,3.318577913022452e-4,127.82890956960209
13:50655989:G:T,NA,50707087,NA,NA,-0.05792,0.009389,6.85488e-10,0.0258449,385066,1.6892349825397892e-4,65.0573476464217
14:105992183:A:C,14,105968978,C,A,-0.023,0.002945,5.62341e-15,0.254473,385066,2.00720048822718e-4,77.30558165999615
14:21944174:A:G,14,21871999,G,A,0.02525,0.004435,1.24165e-8,0.919483,385066,9.440262045811385e-5,36.35448260250623
14:24862936:T:C,14,24871530,C,T,-0.02854,0.005228,4.77529e-8,0.0636183,385066,9.70449432813766e-5,37.37214081698588
14:30364061:C:G,14,30208630,G,C,-0.01397,0.002769,4.58142e-7,0.685885,385066,8.40935698117982e-5,32.38412966307888
14:50999181:C:T,NA,51000770,NA,NA,0.01999,0.003562,1.99526e-8,0.137177,385066,9.459291263215735e-5,36.427771118759864
14:60617639:A:G,14,60616913,G,A,-0.02018,0.003536,1.14025e-8,0.150099,385066,1.0390069642807052e-4,40.01257510379771
14:70000399:A:C,14,70075900,C,A,-0.01821,0.003351,5.5335e-8,0.838966,385066,8.960078795655773e-5,34.505129500495734
14:90879920:T:C,14,90849408,C,T,0.02273,0.004323,1.46555e-7,0.114314,385066,1.0461839873574774e-4,40.288994060827285
14:92279983:T:G,14,92330228,G,T,-0.02856,0.003357,1.77828e-17,0.172962,385066,2.333579306549202e-4,89.87871211997643
14:93407062:A:G,14,93406702,G,A,-0.01605,0.002608,7.60326e-10,0.628231,385066,1.2032963662526598e-4,46.340187295369816
14:94821812:A:G,NA,94610978,NA,NA,-0.0212,0.004277,7.17794e-7,0.0735586,385066,6.125663366918604e-5,23.58916938029874
14:94841542:C:T,NA,94843719,NA,NA,-0.02104,0.003957,1.05682e-7,0.105368,385066,8.3459279610078e-5,32.13984641220341
14:94796184:A:T,14,94844947,T,A,0.03391,0.00312,1.6595899999999998e-27,0.201789,385066,3.704254112910567e-4,142.69034670374444
14:94844843:T:G,14,94847262,G,T,-0.02446,0.002868,1.47911e-17,0.248509,385066,2.2346463712302314e-4,86.06742005393025
14:95053849:T:C,14,94847386,C,T,-0.03404,0.004198,5.12861e-16,0.0904573,385066,1.9066712220444887e-4,73.43304601209172
14:95061126:C:T,NA,95056264,NA,NA,-0.03312,0.005242,2.65461e-10,0.0516899,385066,1.0753917982943402e-4,41.41392036087031
15:31725775:T:C,NA,31726824,NA,NA,-0.01644,0.002924,1.89234e-8,0.258449,385066,1.0359755435965915e-4,39.895821781513526
15:40328665:G:A,NA,40330629,NA,NA,-0.0149,0.002773,7.74462e-8,0.705765,385066,9.22055327753955e-5,35.508305334836244
15:44244523:T:C,15,44027885,C,T,0.05713,0.006127,1.0964799999999999e-20,0.0457256,385066,2.8483354166447745e-4,109.7103920870259
15:49278090:A:G,15,49358308,G,A,-0.03252,0.004474,3.63078e-13,0.0904573,385066,1.7401944639175085e-4,67.02028693862323
15:50848996:A:G,15,50999391,G,A,-0.02266,0.003061,1.34896e-13,0.214712,385066,1.7315501929156764e-4,66.68731159121329
15:51524292:A:G,15,51525173,G,A,-0.01865,0.002634,1.44544e-12,0.632207,385066,1.6175228610434739e-4,62.295058664636436
15:52856934:A:C,15,52798135,C,A,0.0193,0.00384,5.02343e-7,0.120278,385066,7.882722979936569e-5,30.35592128864614
15:53908663:T:C,15,53901685,C,T,-0.02784,0.005103,4.89779e-8,0.0675944,385066,9.769763441949004e-5,37.623517628777385
15:60762779:T:C,15,60727752,C,T,0.01602,0.002763,6.71429e-9,0.715706,385066,1.0443771739710718e-4,40.21940563471924
15:60895636:A:G,15,60883394,G,A,0.01462,0.002569,1.25026e-8,0.363817,385066,9.894407415651876e-5,38.10357109356965
15:69596069:T:C,15,69599125,C,T,0.01799,0.00282,1.78649e-10,0.708748,385066,1.3361434438606534e-4,51.45694929321979
15:75224810:T:A,NA,75222225,NA,NA,0.01378,0.002548,6.36796e-8,0.411531,385066,9.197177662853609e-5,35.41827767761376
15:78325229:T:C,15,78358837,C,T,-0.02204,0.003103,1.23027e-12,0.202783,385066,1.5705843690571044e-4,60.487049950178694
15:96648537:T:C,15,96666466,C,T,-0.01808,0.002716,2.75423e-11,0.33002,385066,1.4455361147353084e-4,55.670439211484016
16:1367610:C:A,NA,1357996,NA,NA,-0.01429,0.002574,2.82488e-8,0.629225,385066,9.528200037212487e-5,36.6931643893949
16:16284360:C:T,NA,16259596,NA,NA,0.04841,0.008011,1.51008e-9,0.027833,385066,1.2682388578607204e-4,48.84150702603674
16:47980267:T:C,16,47997738,C,T,-0.03655,0.005844,4.00867e-10,0.0457256,385066,1.1658359533634465e-4,44.89737985255861
16:54464336:A:C,16,54451747,C,A,-0.01663,0.002752,1.53462e-9,0.301193,385066,1.1641705668669723e-4,44.833236869484466
16:54573024:A:G,16,54575250,G,A,0.01404,0.00264,1.05439e-7,0.662028,385066,8.821070457580294e-5,33.96976324352697
16:72252544:A:T,NA,72096227,NA,NA,0.02323,0.00411,1.58855e-8,0.106362,385066,1.0258326988493732e-4,39.50517680518757
16:73017118:T:G,16,73024276,G,T,-0.01925,0.002518,2.13796e-14,0.484095,385066,1.8509376833134692e-4,71.2861414292887
16:81566182:C:G,16,81582600,G,C,0.01848,0.002533,3.01995e-13,0.461233,385066,1.6972870150270297e-4,65.36750745759807
16:83983775:T:C,NA,83980529,NA,NA,-0.01626,0.002531,1.32434e-10,0.479125,385066,1.3196337794448752e-4,50.82105268259883
16:88516940:A:G,16,88520452,G,A,-0.03092,0.002539,3.98107e-34,0.407555,385066,4.6168230574015925e-4,177.8593498922844
16:89741496:A:G,16,89714022,G,A,0.02238,0.002911,1.51356e-14,0.240557,385066,1.830051630642735e-4,70.48159860662744
17:1517914:G:A,NA,1517548,NA,NA,-0.01712,0.002608,5.12861e-11,0.605368,385066,1.4003908842550396e-4,53.93156407254834
17:1640339:A:G,17,1618363,G,A,0.03278,0.002515,8.128309999999999e-39,0.49006,385066,5.370518654515555e-4,206.91046116738914
17:1655490:C:T,NA,1645928,NA,NA,-0.04714,0.008185,8.45279e-9,0.0258449,385066,1.118953700011505e-4,43.091700515896214
17:17783748:A:G,17,17623988,G,A,-0.01743,0.002608,2.34423e-11,0.558648,385066,1.4981252268156817e-4,57.696052825077864
17:1982952:A:G,17,1970898,G,A,-0.01868,0.002601,6.76083e-13,0.644135,385066,1.599727143072255e-4,61.60958911519559
17:35860964:T:C,17,35874936,C,T,-0.01609,0.002611,7.19449e-10,0.658052,385066,1.1650977544461476e-4,44.86894784284275
17:37387413:A:G,17,37524653,G,A,-0.02579,0.002984,5.4954100000000006e-18,0.741551,385066,2.5494621045366386e-4,98.19564218898876
17:42281493:A:G,17,42278916,G,A,0.02472,0.004464,3.05492e-8,0.106362,385066,1.161649343990251e-4,44.73613106915712
17:47863368:T:C,17,47907641,C,T,-0.02146,0.003021,1.20226e-12,0.213718,385066,1.5477787006775727e-4,59.60861185375131
17:4865169:T:C,17,4824843,C,T,-0.02215,0.003895,1.30017e-8,0.12326,385066,1.0604017633263798e-4,40.836584778001594
17:55301369:A:G,17,55302265,G,A,0.0435,0.004778,8.70964e-20,0.106362,385066,3.5971341339598195e-4,138.56252861604767
17:59450441:T:C,17,59476066,C,T,-0.02881,0.003364,1.09648e-17,0.821074,385066,2.438777981797061e-4,93.93146827793376
17:6612900:T:C,17,6611798,C,T,0.03217,0.005618,1.03039e-8,0.0715706,385066,1.3753576900536768e-4,52.96735826263373
17:66683179:T:C,17,66453320,C,T,0.01506,0.002995,4.97737e-7,0.229622,385066,8.024118000512484e-5,30.900469227606926
17:66820449:T:C,17,66835832,C,T,-0.01576,0.002533,4.90908e-10,0.560636,385066,1.223623679876446e-4,47.123108961993914
17:67290356:A:G,17,67081278,G,A,-0.02541,0.004384,6.80769e-9,0.0914513,385066,1.0729449018130885e-4,41.319678941061944
17:6703825:T:C,17,6717789,C,T,-0.02612,0.004207,5.30884e-10,0.106362,385066,1.296953674347616e-4,49.94749492460574
17:73497415:T:C,17,73503489,C,T,0.02491,0.004268,5.34564e-9,0.893638,385066,1.1795750386622028e-4,45.426546670796796
17:7731764:T:C,17,7750232,C,T,0.02673,0.005343,5.62341e-7,0.0457256,385066,6.235346600840358e-5,24.01157223981338
18:57179482:C:G,NA,57179999,NA,NA,0.01437,0.002546,1.65196e-8,0.586481,385066,1.0015968450147984e-4,38.57175208739758
18:60231851:A:G,18,60203605,G,A,0.01798,0.002992,1.87932e-9,0.238569,385066,1.1745024709551363e-4,45.23117436019188
19:11979164:T:C,19,11980853,C,T,-0.01803,0.002814,1.47571e-10,0.260437,385066,1.252273840984192e-4,48.22659672102503
19:14170423:A:G,19,14172896,G,A,0.01308,0.002552,2.94442e-7,0.420477,385066,8.337933085386098e-5,32.10905588750537
19:17525314:T:C,19,17518877,C,T,-0.01805,0.003315,5.19996e-8,0.779324,385066,1.1206179182095351e-4,43.155797921786224
19:18304700:A:G,19,18285944,G,A,0.01556,0.002789,2.40991e-8,0.281312,385066,9.789890467643064e-5,37.70103472032938
19:19717056:A:G,19,19800289,G,A,0.037,0.004983,1.12202e-13,0.0646123,385066,1.6547801378568794e-4,63.73017184262688
19:2210269:C:T,NA,2160529,NA,NA,0.02434,0.003879,3.49945e-10,0.0805169,385066,8.772067007502085e-5,33.78103539682867
19:2988512:C:T,NA,2983175,NA,NA,0.0172,0.002574,2.29087e-11,0.435388,385066,1.4544990726532607e-4,56.015670565304646
19:30304483:T:C,19,30314666,C,T,0.01662,0.002567,9.33254e-11,0.358847,385066,1.2710511651900123e-4,48.94982636065585
19:3045449:A:G,19,3032099,G,A,-0.02563,0.00458,2.18273e-8,0.0606362,385066,7.483297390307418e-5,28.817640772773256
19:3128748:T:C,19,3102748,C,T,0.02663,0.003585,1.09648e-13,0.832008,385066,1.9823869553512238e-4,76.34972052653802
19:3133853:T:C,19,3111094,C,T,0.01856,0.002842,6.45654e-11,0.744533,385066,1.310402458559701e-4,50.46549424105586
19:2985384:T:A,NA,3113560,NA,NA,-0.024140000000000002,0.004579,1.34586e-7,0.0894632,385066,9.493939466988771e-5,36.56121416870721
19:3096250:C:G,NA,3124111,NA,NA,-0.07319,0.009576,2.13796e-14,0.0178926,385066,1.8826341248089277e-4,72.50711310008384
19:3131353:C:G,NA,3131442,NA,NA,-0.0506,0.009659,1.62181e-7,0.0129225,385066,6.531739001447551e-5,25.153018398046743
19:3369753:C:G,19,3369572,G,C,-0.01767,0.003447,2.93765e-7,0.16501,385066,8.603885719981423e-5,33.13331726154169
19:33891195:G:A,NA,33889215,NA,NA,-0.01803,0.002858,2.79898e-10,0.237575,385066,1.1776583493246489e-4,45.352724463897616
19:3453083:A:C,NA,3464712,NA,NA,0.01661,0.00305,5.19996e-8,0.799205,385066,8.854832432199098e-5,34.099791436114536
19:35370305:A:G,19,35361299,G,A,-0.0143,0.002619,4.77529e-8,0.404573,385066,9.852070038368558e-5,37.940512898447174
19:35559474:T:C,19,35556659,C,T,0.05815,0.003271,1.0715200000000001e-70,0.16501,385066,9.317962802602155e-4,359.135844305952
19:35378725:T:C,19,35566151,C,T,-0.03349,0.003704,1.54882e-19,0.880716,385066,2.3565592909603237e-4,90.76400375706847
19:36038390:A:G,19,36019522,G,A,-0.02458,0.002609,4.4668399999999995e-21,0.619284,385066,2.84894943555839e-4,109.73404922114459
19:37395697:A:C,19,38810744,C,A,-0.02241,0.004269,1.51356e-7,0.112326,385066,1.0014920403447513e-4,38.56771562835274
19:50228700:A:G,19,50006402,G,A,0.07808,0.01076,3.89045e-13,0.0119284,385066,1.4370775856077287e-4,55.34463779629151
19:50219862:T:C,19,50017538,C,T,-0.0579,0.009157,2.5704e-10,0.0159046,385066,1.0494145370485641e-4,40.413416972133064
19:50038856:C:T,NA,50024550,NA,NA,-0.07318,0.01339,4.62381e-8,0.0119284,385066,1.2623663712211565e-4,48.61532147148551
19:50025208:T:A,NA,50035161,NA,NA,-0.1195,0.01288,1.7378e-20,0.0139165,385066,3.9193091556805385e-4,150.977658884374
19:50028163:A:G,19,50038017,G,A,-0.03666,0.003253,1.8196999999999997e-29,0.199801,385066,4.2974474895874856e-4,165.55037641800533
19:52123194:A:G,19,52130637,G,A,0.02882,0.004119,2.63027e-12,0.109344,385066,1.617792820139139e-4,62.305457181534116
19:52182363:G:C,NA,52207151,NA,NA,0.01661,0.002858,6.18016e-9,0.777336,385066,9.550542650584614e-5,36.77921416658267
1:1095130:T:C,1,1086179,C,T,-0.02524,0.002786,1.28825e-19,0.291252,385066,2.630083032360955e-4,101.3016724582921
1:109817192:A:G,1,109814880,G,A,-0.01682,0.003019,2.54683e-8,0.212724,385066,9.476009371841486e-5,36.49215872796875
1:112222279:C:T,NA,112246541,NA,NA,0.01941,0.003397,1.10408e-8,0.150099,385066,9.612297540164376e-5,37.017055589582434
1:116804727:A:C,1,116830250,C,A,0.01493,0.002574,6.57658e-9,0.408549,385066,1.0772401540803726e-4,41.485109211624376
1:151021509:A:G,1,151018060,G,A,0.04318,0.004672,2.39883e-20,0.0656064,385066,2.285974251351071e-4,88.04476571896487
1:153606851:A:G,1,153623478,G,A,0.01397,0.002528,3.3037e-8,0.526839,385066,9.729928874799783e-5,37.47009913645433
1:153874704:C:A,NA,153823812,NA,NA,0.05249,0.009975,1.42561e-7,0.0139165,385066,7.561829083987982e-5,29.12008355491502
1:155186729:T:C,1,155161168,C,T,-0.02375,0.00251,2.95121e-21,0.522863,385066,2.8144156014497186e-4,108.40352217206876
1:155682613:G:C,NA,155534434,NA,NA,0.03433,0.005165,3.01995e-11,0.931412,385066,1.505800963299078e-4,57.99170660994728
1:156754465:T:C,1,156776717,C,T,0.02422,0.002874,3.54813e-17,0.767396,385066,2.0941847044823907e-4,80.65640484561534
1:16505320:A:G,1,16510894,G,A,0.02212,0.002541,3.0903e-18,0.565606,385066,2.4043520972129946e-4,92.60520914900549
1:178515187:A:G,1,178531554,G,A,0.01815,0.002519,5.7544e-13,0.463221,385066,1.6382003376748134e-4,63.09153313973083
1:196679455:A:C,1,196600391,C,A,0.01318,0.002555,2.50035e-7,0.423459,385066,8.48208032344085e-5,32.664208381046166
1:198992043:A:G,1,199012478,G,A,0.02468,0.002859,5.888440000000001e-18,0.736581,385066,2.363675835020559e-4,91.0381656448556
1:200457488:A:G,1,200454340,G,A,0.01617,0.002624,7.21107e-10,0.630219,385066,1.218670000210482e-4,46.932313996415694
1:214150445:T:A,NA,214150821,NA,NA,0.03654,0.006852,9.63829e-8,0.0506958,385066,1.2851223150504919e-4,49.49179421317579
1:21680008:A:G,1,21657819,G,A,-0.02306,0.004535,3.69828e-7,0.0705765,385066,6.976255340483015e-5,26.86492202983534
1:217313112:G:C,NA,217325016,NA,NA,0.02007,0.003459,6.59174e-9,0.82505,385066,1.1628373054247552e-4,44.78188582235195
1:217456447:T:G,1,217471419,G,T,0.02116,0.002513,3.80189e-17,0.476143,385066,2.233631254084973e-4,86.02831407540312
1:21821757:A:G,1,21820042,G,A,0.02544,0.002519,5.7544000000000006e-24,0.54672,385066,3.207714654663475e-4,123.55717719513142
1:21881300:G:T,NA,21854506,NA,NA,0.01728,0.003456,5.70164e-7,0.811133,385066,9.1488314040909e-5,35.23207948140049
1:220009078:A:C,1,220015921,C,A,0.01973,0.003802,2.12324e-7,0.873757,385066,8.587804330564026e-5,33.0713829731022
1:220077269:T:C,1,220085453,C,T,-0.02504,0.00263,1.69824e-21,0.356859,385066,2.8780709469931914e-4,110.85605627278431
1:221043003:T:C,1,221034934,C,T,0.02386,0.003273,3.0903e-13,0.831014,385066,1.5989318028824894e-4,61.57895362924889
1:226917898:A:G,1,226915325,G,A,-0.01971,0.00252,5.24807e-15,0.525845,385066,1.9372306319383097e-4,74.61023132822784
1:23756695:A:G,1,23799001,G,A,0.0247,0.003626,9.54993e-12,0.869781,385066,1.38200041849747e-4,53.22321636556008
1:39801815:A:C,1,39792369,C,A,-0.01967,0.00309,1.94984e-10,0.194831,385066,1.2139025417698784e-4,46.748691669971905
1:43458250:T:C,1,43436051,C,T,-0.03045,0.002791,1.02329e-27,0.71173,385066,3.8046902877827553e-4,146.56068790006032
1:52787887:T:C,1,51581471,C,T,0.08565,0.00895,1.07152e-21,0.0248509,385066,3.555477022229765e-4,136.95731526753423
1:51659401:A:C,1,51653911,C,A,-0.029,0.005431,9.31108e-8,0.0506958,385066,8.094748772048952e-5,31.172486746090673
1:68290946:A:G,1,68268784,G,A,0.01505,0.002671,1.76198e-8,0.322068,385066,9.890920383034487e-5,38.0901411292608
1:78578550:A:G,1,78450517,G,A,-0.01372,0.002777,7.78037e-7,0.319085,385066,8.179702502629111e-5,31.499666223710182
20:33335657:A:G,20,33398508,G,A,0.02189,0.003229,1.23027e-11,0.870775,385066,1.078385430158149e-4,41.52921917833052
20:39406164:A:G,20,39344272,G,A,-0.03504,0.003707,3.3113099999999998e-21,0.833996,385066,3.399700907532608e-4,130.95476372872307
20:39401108:T:G,20,39349000,G,T,-0.02418,0.003542,8.70964e-12,0.119284,385066,1.228459007420042e-4,47.309345682502986
20:39848472:T:G,20,39811275,G,T,0.01439,0.002518,1.11429e-8,0.462227,385066,1.0294514925050193e-4,39.6445521653349
20:52690228:A:T,NA,52712614,NA,NA,-0.03607,0.005133,2.13796e-12,0.0606362,385066,1.482136071100773e-4,57.08018446826936
20:52813216:T:C,20,52714706,C,T,0.03049,0.004855,3.37287e-10,0.084493,385066,1.4382263592792186e-4,55.38888565648553
20:52720530:A:G,20,52742047,G,A,0.03774,0.002786,8.12831e-42,0.676938,385066,6.229720448555329e-4,240.03364172887288
20:52759547:C:T,NA,52778335,NA,NA,0.06354,0.007981,1.69824e-15,0.028827,385066,2.2605830381915385e-4,87.06659682901713
20:52786406:T:C,20,52790786,C,T,0.02285,0.003207,1.02329e-12,0.188867,385066,1.5997442467148017e-4,61.610247925664616
20:5532853:T:C,20,5539192,C,T,-0.02072,0.003083,1.8197e-11,0.220676,385066,1.476667280505977e-4,56.869538708782216
20:5572957:T:C,20,5580789,C,T,0.0448,0.006937,1.06414e-10,0.0318091,385066,1.2362275034745321e-4,47.60855624045424
20:57459868:T:C,NA,57466093,NA,NA,-0.04486,0.00833,7.24436e-8,0.0328032,385066,1.2769667730505276e-4,49.17767317525491
20:62586262:T:C,20,62388378,C,T,0.01384,0.002572,7.36207e-8,0.368787,385066,8.917717574882813e-5,34.341982523557824
21:35893737:T:C,21,35890958,C,T,-0.01874,0.00256,2.45471e-13,0.404573,385066,1.6919775205665613e-4,65.16298862913759
21:37835347:A:T,21,37835982,T,A,0.0163,0.002865,1.27644e-8,0.249503,385066,9.950157081435755e-5,38.31828559366726
22:21976934:T:C,NA,21982249,NA,NA,-0.01734,0.003167,4.38531e-8,0.197813,385066,9.542422271121229e-5,36.74793953763687
22:23407063:G:A,NA,23408118,NA,NA,-0.01591,0.002861,2.65461e-8,0.282306,385066,1.0257222562457366e-4,39.500923185506196
22:25000229:A:T,22,25000461,T,A,0.01793,0.002635,1.02329e-11,0.375746,385066,1.5081560291971881e-4,58.08241905772784
22:30800338:T:G,22,30777529,G,T,0.01512,0.002527,2.18776e-9,0.488072,385066,1.1424214677389228e-4,43.99556415303943
22:39131727:T:G,22,39130843,G,T,0.01406,0.002635,9.50605e-8,0.364811,385066,9.161604306887225e-5,35.28127233883835
22:42552253:T:G,22,43100944,G,T,0.01684,0.002827,2.54097e-9,0.265408,385066,1.1057943681572537e-4,42.584869268871095
2:10146621:G:A,NA,10138927,NA,NA,-0.01444,0.002643,4.67735e-8,0.361829,385066,9.629523979317646e-5,37.08340117072778
2:10213497:A:G,2,10161649,G,A,0.01634,0.003023,6.44169e-8,0.798211,385066,8.601006910403059e-5,33.12223009477377
2:103151136:A:G,2,103091028,G,A,0.01981,0.003588,3.34195e-8,0.128231,385066,8.773914486941535e-5,33.78815062343897
2:111989372:T:G,2,112020816,G,T,-0.02055,0.00404,3.63915e-7,0.132207,385066,9.690010355048033e-5,37.316357432461494
2:112253851:T:C,NA,112263474,NA,NA,-0.01644,0.003089,1.01625e-7,0.21173,385066,9.021754773676513e-5,34.742664199675666
2:114032767:T:C,2,114025402,C,T,-0.02338,0.002536,2.95121e-20,0.553678,385066,2.701621919670602e-4,104.05784678358249
2:121036385:T:G,2,121041314,G,T,-0.02614,0.00271,5.01187e-22,0.707753,385066,2.826655896373479e-4,108.87511785750175
2:121944122:A:G,NA,121943974,NA,NA,0.01482,0.002522,4.21697e-9,0.521869,385066,1.0960612022088396e-4,42.20999755080054
2:131089135:T:C,2,131097247,C,T,0.01689,0.003111,5.63638e-8,0.2167,385066,9.684480581206198e-5,37.29506013807266
2:133188106:T:G,2,133177491,G,T,-0.01979,0.003106,1.87932e-10,0.194831,385066,1.2287589364296772e-4,47.3208977073295
2:165539661:T:C,2,165528876,C,T,-0.01696,0.00257,4.0738e-11,0.442346,385066,1.419085680111116e-4,54.651636368087146
2:190984523:A:T,2,190987823,T,A,-0.01569,0.00279,1.88799e-8,0.271372,385066,9.735242514456033e-5,37.49056403319365
2:191318776:T:C,2,191343763,C,T,0.01605,0.00254,2.61216e-10,0.450298,385066,1.2752854485673516e-4,49.112914895284135
2:202207993:T:C,2,202185132,C,T,0.01268,0.002512,4.46684e-7,0.498012,385066,8.038992912960507e-5,30.957756362202215
2:20372409:G:A,NA,20371772,NA,NA,-0.01474,0.002521,4.96592e-9,0.446322,385066,1.0738176169856751e-4,41.35329127596644
2:213697875:A:G,2,213735555,G,A,0.02672,0.004114,8.31764e-11,0.111332,385066,1.4127406971427143e-4,54.40724471333881
2:233602028:T:C,2,233684402,C,T,0.02236,0.00261,1.04713e-17,0.286282,385066,2.0431219353931828e-4,78.689347686258
2:234264848:C:G,2,234296444,G,C,-0.04882,0.002709,1.25893e-72,0.682903,385066,0.0010322305293760914,397.8855261509652
2:234373870:G:A,NA,234373537,NA,NA,0.02082,0.002743,3.23594e-14,0.346918,385066,1.964201299685416e-4,75.64917994796389
2:242296449:A:G,2,242237902,G,A,-0.026,0.002601,1.58489e-23,0.34791299999999997,385066,3.06727624070712e-4,118.14600447841175
2:25492467:A:G,2,25539357,G,A,-0.01555,0.002718,1.05682e-8,0.349901,385066,1.1000576969168738e-4,42.363921976404086
2:27742603:T:C,2,27730940,C,T,-0.05177,0.00259,7.07946e-89,0.588469,385066,0.0012981129148151788,500.5062650770344
2:37237450:T:C,2,37255015,C,T,-0.0141,0.002528,2.44343e-8,0.527833,385066,9.909697337301583e-5,38.16245873906448
2:44960070:A:T,2,45071490,T,A,-0.05327,0.01049,3.77572e-7,0.0159046,385066,8.8829116395056e-5,34.207933536055556
2:54846400:A:G,2,54768661,G,A,0.02574,0.003572,5.7544e-13,0.167992,385066,1.852094676846915e-4,71.33070958729029
2:61368532:T:G,2,61373520,G,T,-0.03039,0.002531,3.23594e-33,0.587475,385066,4.476422383951849e-4,172.44810594155416
2:69573029:T:C,2,69525721,C,T,0.01637,0.002546,1.26474e-10,0.592445,385066,1.2940814700740475e-4,49.83686801600191
2:9190346:A:G,NA,9202434,NA,NA,0.07016,0.008466,1.14815e-16,0.0218688,385066,2.1058683683501195e-4,81.10648969814936
2:9234386:T:C,2,9237110,C,T,0.01967,0.003037,9.33254e-11,0.791252,385066,1.2781324452385527e-4,49.22257048577139
2:96061242:C:G,2,97045629,G,C,0.05118,0.006802,5.24807e-14,0.027833,385066,1.4175273706618034e-4,54.59161445642173
2:97400324:A:G,2,97454650,G,A,-0.04496,0.002581,5.7544e-68,0.385686,385066,9.578706986418814e-4,369.19516393144767
2:10026254:T:C,2,9960111,C,T,0.02058,0.002611,3.31131e-15,0.383698,385066,2.0031056183811318e-4,77.14783971074827
3:107219309:T:C,3,107186568,C,T,0.04309,0.004835,5.01187e-19,0.0785288,385066,2.6871611440756985e-4,103.50071418799148
3:113275624:A:C,3,113300183,C,A,0.02178,0.002569,2.29087e-17,0.423459,385066,2.3162600204142703e-4,89.21149855282597
3:120468551:T:G,NA,120394026,NA,NA,0.0657,0.01103,2.56448e-9,0.0119284,385066,1.0174928016734204e-4,39.183971759277995
3:122036904:G:A,NA,121077076,NA,NA,-0.076,0.01105,6.0256e-12,0.0178926,385066,2.0299699860325252e-4,78.18270712505189
3:121323008:C:G,3,121287941,G,C,-0.02193,0.003964,3.14051e-8,0.880716,385066,1.010474455947609e-4,38.91366571702045
3:120753198:T:C,3,121430972,C,T,0.06249,0.01084,8.07235e-9,0.0109344,385066,8.446389394572618e-5,32.526752194464855
3:121781723:T:C,3,121747170,C,T,0.03673,0.003132,8.91251e-32,0.166004,385066,3.7355484440448666e-4,143.89627575666992
3:121486928:C:T,NA,121853757,NA,NA,0.09714,0.009706,1.41254e-23,0.0149105,385066,2.772005521437367e-4,106.76954998888489
3:121509881:A:G,3,121891999,G,A,-0.01701,0.002611,7.4131e-11,0.617296,385066,1.3670836433518282e-4,52.64866711752891
3:121914396:A:T,3,121921136,T,A,-0.0789,0.003879,5.7544e-92,0.136183,385066,0.0014646324294819645,564.8044527438476
3:121993247:A:G,3,121981609,G,A,0.1727,0.003739,0,0.144135,385066,0.007358501619737779,2854.498902500297
3:122009556:C:T,NA,122016301,NA,NA,0.04751,0.0082,6.87068e-9,0.0318091,385066,1.3903125221547473e-4,53.543374305477094
3:121364173:A:T,3,122025558,T,A,-0.03141,0.004461,1.90546e-12,0.0705765,385066,1.294313958586483e-4,49.84582262931518
3:120709418:C:T,NA,122068872,NA,NA,0.06088,0.00917,3.16228e-11,0.0168986,385066,1.231482724436562e-4,47.42580678641903
3:121940661:G:A,NA,122076008,NA,NA,-0.06723,0.007904,1.8197e-17,0.0258449,385066,2.2759314796323083e-4,87.65787825977044
3:122265944:C:T,NA,122210320,NA,NA,-0.04704,0.00784,1.96789e-9,0.945328,385066,2.2872419347196826e-4,88.09360197315134
3:122092504:T:C,NA,122215919,NA,NA,-0.08287,0.01092,3.16228e-14,0.0188867,385066,2.545071093692544e-4,98.02647399670113
3:122069056:T:C,3,122269156,C,T,0.05004,0.008926,2.06063e-8,0.0139165,385066,6.87239817000313e-5,26.464950066084885
3:122104982:T:C,3,122331364,C,T,0.04458,0.004362,1.6218100000000001e-24,0.0795229,385066,2.9094796349809983e-4,112.0661920467853
3:122644901:G:A,NA,122612016,NA,NA,0.03983,0.0063,2.60016e-10,0.0526839,385066,1.5835196013693663e-4,60.98529631938107
3:12266855:G:A,NA,12294202,NA,NA,-0.01751,0.00253,4.46684e-12,0.460239,385066,1.523306190412154e-4,58.6659741146401
3:12390484:T:C,3,12393125,C,T,-0.03952,0.003841,7.943279999999999e-25,0.121272,385066,3.328732318153802e-4,128.22017920119222
3:136289466:T:C,3,135874932,C,T,0.027,0.002941,4.2658e-20,0.192843,385066,2.2694437377775799e-4,87.40794508571928
3:156798732:A:G,3,156795408,G,A,0.02215,0.002571,7.244360000000001e-18,0.389662,385066,2.3336510802044624e-4,89.88147715541051
3:172310820:G:T,NA,172313367,NA,NA,0.01672,0.002779,1.77828e-9,0.712724,385066,1.1447832602639543e-4,44.0865290850779
3:177507406:A:C,3,177529910,C,A,0.01618,0.002881,1.92752e-8,0.241551,385066,9.592288959677753e-5,36.939994950750915
3:186337713:T:C,3,186342060,C,T,0.04188,0.002626,3.0903e-57,0.675944,385066,7.683765921603092e-4,296.10168168472313
3:186650790:A:G,3,186625327,G,A,0.03408,0.003833,6.0256000000000005e-19,0.894632,385066,2.1896884769938147e-4,84.33548721497026
3:4628650:T:C,3,4629789,C,T,-0.03334,0.004772,2.81838e-12,0.934394,385066,1.3628083546039947e-4,52.48399618857214
3:56865776:A:G,3,56849749,G,A,-0.01714,0.002595,4.0738e-11,0.638171,385066,1.356725749703782e-4,52.24971326153337
4:100019089:A:C,NA,100239319,NA,NA,-0.07175,0.01242,7.65597e-9,0.0168986,385066,1.7104990885620456e-4,65.87643026119751
4:103190128:A:G,4,103188709,G,A,-0.0278,0.003003,2.0893e-20,0.208748,385066,2.553034781516172e-4,98.33328334022916
4:106293125:A:G,4,106296085,G,A,0.01878,0.00286,5.12861e-11,0.280318,385066,1.423025878713325e-4,54.803402362067054
4:115385540:T:C,4,115390971,C,T,-0.01468,0.002551,8.72971e-9,0.580517,385066,1.0495700136010202e-4,40.419405071279364
4:17809538:A:G,4,17811415,G,A,0.02218,0.003766,3.85478e-9,0.0954274,385066,8.49316573876936e-5,32.70690157169335
4:26177372:T:C,4,26174563,C,T,0.02277,0.003363,1.28825e-11,0.180915,385066,1.5365956738353257e-4,59.17786089947708
4:27016468:T:C,4,27014460,C,T,-0.0198,0.002844,3.38844e-12,0.280318,385066,1.581801571842941e-4,60.919120242028434
4:3514229:T:C,4,3273852,C,T,0.01336,0.002634,3.89942e-7,0.360835,385066,8.233122052213729e-5,31.705399443369586
4:3469826:A:T,4,3443931,T,A,0.04483,0.002873,6.91831e-55,0.249503,385066,7.526485093944482e-4,290.03614089057567
4:3537691:T:C,NA,3502913,NA,NA,0.0351,0.00583,1.7378e-9,0.967197,385066,7.817587184188788e-5,30.105067404815948
4:38537708:T:C,4,38533499,C,T,0.0142,0.002865,7.16143e-7,0.233598,385066,7.219920807441889e-5,27.803323235887504
4:40555956:A:G,4,40562644,G,A,-0.04045,0.004049,1.6982400000000002e-23,0.0954274,385066,2.824773090788616e-4,108.80257680225871
4:56296763:T:G,4,56448235,G,T,-0.01472,0.002603,1.57398e-8,0.342942,385066,9.764949448494613e-5,37.60497705135048
4:75936719:T:C,4,75971906,C,T,-0.02917,0.005589,1.80302e-7,0.0596421,385066,9.544407161351472e-5,36.75558409438694
5:131329591:T:C,5,131143324,C,T,-0.02572,0.003741,6.16595e-12,0.147117,385066,1.6600617476350283e-4,63.933615054007376
5:133845380:A:G,5,133904597,G,A,-0.02087,0.002552,2.95121e-16,0.591451,385066,2.104930766738504e-4,81.07037082812222
5:14745268:T:C,5,14738965,C,T,0.01454,0.002872,4.14e-7,0.280318,385066,8.530027578457072e-5,32.84886741215941
5:174050806:T:C,5,174045907,C,T,0.01836,0.002641,3.54813e-12,0.351889,385066,1.5375541966484288e-4,59.214781511404716
5:176773091:T:G,5,176781905,G,T,0.01904,0.00273,3.01995e-12,0.345924,385066,1.6404869946972492e-4,63.17961294594694
5:55816081:A:C,5,55815892,C,A,0.01745,0.002946,3.17687e-9,0.72167,385066,1.2232621267195548e-4,47.10918344430667
5:72385914:A:G,5,72345509,G,A,0.02412,0.002674,1.8197e-19,0.326044,385066,2.556774105377951e-4,98.47734484385185
5:74574984:A:G,5,74595194,G,A,0.01739,0.002552,9.33254e-12,0.428429,385066,1.481078936545286e-4,57.03946595734552
5:76107152:T:C,5,76106442,C,T,-0.01638,0.002518,7.76247e-11,0.513917,385066,1.3404826805735314e-4,51.624082410073754
6:101426759:T:C,6,101322202,C,T,0.01467,0.002539,7.56833e-9,0.430417,385066,1.0552045572624318e-4,40.63641673698327
6:116310287:T:C,6,116418112,C,T,-0.01487,0.00267,2.57632e-8,0.289264,385066,9.091899655146349e-5,35.012815818173365
6:125311779:A:C,6,125333797,C,A,-0.02339,0.0028,6.45654e-17,0.274354,385066,2.178344389074864e-4,83.89847636099563
6:129827116:T:C,6,129822837,C,T,-0.01691,0.002776,1.11686e-9,0.696819,385066,1.2082009584391542e-4,46.52909103527986
6:130354855:T:C,6,130373648,C,T,-0.02644,0.002732,3.7153499999999998e-22,0.702783,385066,2.920436657624609e-4,112.48835362430428
6:131995209:T:C,NA,132049657,NA,NA,-0.0139,0.002636,1.33968e-7,0.610338,385066,9.190053966263351e-5,35.390841842116714
6:134509254:T:C,6,134518919,C,T,-0.01851,0.002664,3.71535e-12,0.644135,385066,1.5707425458532132e-4,60.493142682936615
6:137095269:A:G,NA,137144826,NA,NA,-0.08461,0.01477,1.01859e-8,0.0129225,385066,1.826296046929522e-4,70.33693170752
6:137264165:A:G,6,137275839,G,A,-0.0207,0.002519,2.0893e-16,0.496024,385066,2.1423145236653952e-4,82.51049631753077
6:139834012:T:G,6,139837431,G,T,-0.01443,0.002601,2.86418e-8,0.614314,385066,9.867041286483392e-5,37.9981731548177
6:160766770:T:C,NA,160769423,NA,NA,-0.01374,0.002521,5.05825e-8,0.482107,385066,9.427291573201193e-5,36.30452855719281
6:25745243:A:T,6,26008487,T,A,-0.01892,0.002773,8.70964e-12,0.292247,385066,1.4808260318952137e-4,57.02972462465146
6:31274380:T:C,6,30361358,C,T,0.014880000000000001,0.002623,1.38995e-8,0.361829,385066,1.0225305563599828e-4,39.37799713595202
6:31269348:A:G,6,31080981,G,A,0.01547,0.002914,1.10662e-7,0.243539,385066,8.817910449242843e-5,33.95759304241766
6:32152387:A:T,6,32177900,T,A,0.02656,0.003157,3.98107e-17,0.249503,385066,2.6418665100390375e-4,101.75565106684327
6:32606569:G:A,NA,32618811,NA,NA,-0.01583,0.002855,2.93765e-8,0.236581,385066,9.051793818447106e-5,34.85835465545708
6:32629650:T:C,6,32629371,C,T,-0.0209,0.002891,4.7863e-13,0.201789,385066,1.4071414766884396e-4,54.191578079676034
6:33525680:T:C,6,33519000,C,T,0.01442,0.002624,3.9355e-8,0.65507,385066,9.396782950246328e-5,36.187028716081116
6:33601671:G:C,NA,33574488,NA,NA,0.01925,0.003276,4.19759e-9,0.184891,385066,1.1169222001594387e-4,43.013457276753215
6:34165721:A:G,6,34169074,G,A,0.0549,0.003307,6.76083e-62,0.17495,385066,8.700994617799499e-4,335.3357546104367
6:43299058:T:G,6,43349215,G,T,0.01538,0.002799,3.91742e-8,0.329026,385066,1.0444281678500156e-4,40.22136963563954
6:44097472:T:C,6,44078830,C,T,-0.01666,0.003138,1.10662e-7,0.225646,385066,9.699451485257449e-5,37.35271887603755
6:7209132:C:T,NA,7126522,NA,NA,-0.0132,0.002524,1.69824e-7,0.435388,385066,8.566519686962687e-5,32.98940941165786
6:72163992:T:G,NA,72163991,NA,NA,0.01533,0.002745,2.36592e-8,0.321074,385066,1.0245705880794012e-4,39.456567496677025
6:74493432:A:C,6,74463894,C,A,-0.04406,0.002516,1.12202e-68,0.49503,385066,9.705458970958495e-4,374.0853523231771
7:107202502:A:C,7,106835410,C,A,-0.02224,0.002785,1.41254e-15,0.321074,385066,2.156389163586664e-4,83.05269308147027
7:143095378:T:C,7,143092269,C,T,0.01994,0.003956,4.62381e-7,0.148111,385066,1.0033457796488888e-4,38.639110768343855
7:150500455:A:G,7,150497496,G,A,-0.01846,0.002648,3.16228e-12,0.682903,385066,1.475857895092464e-4,56.838362986264194
7:150614934:T:C,7,150622162,C,T,-0.01631,0.002912,2.13796e-8,0.261431,385066,1.0272734808274612e-4,39.56066752459774
7:151415041:A:G,7,151413194,G,A,0.02224,0.002784,1.38038e-15,0.298211,385066,2.0702832922284844e-4,79.73566410518609
7:16042596:T:C,7,16092055,C,T,-0.02389,0.003055,5.24807e-15,0.763419,385066,2.0616034049270883e-4,79.40129474944555
7:25997536:A:G,7,25983400,G,A,0.01348,0.002555,1.32434e-7,0.389662,385066,8.643074283066614e-5,33.28424433931043
7:65326821:A:G,7,65425894,G,A,-0.02975,0.002522,3.98107e-32,0.560636,385066,4.3602298805151793e-4,167.96999465004
7:77433484:A:C,7,77500734,C,A,-0.0241,0.002561,5.01187e-21,0.435388,385066,2.855555727378787e-4,109.98857891238448
7:81492068:C:T,NA,81359051,NA,NA,0.02427,0.004582,1.1722e-7,0.0745527,385066,8.128017266329829e-5,31.30061252561084
7:92252203:C:G,7,92286980,G,C,-0.02231,0.002848,4.7863e-15,0.315109,385066,2.1483814952162074e-4,82.74421382117434
8:101703522:A:T,8,101733229,T,A,0.02295,0.003722,6.96627e-10,0.116302,385066,1.0826458878733039e-4,41.693309525815586
8:106583124:A:G,8,106572270,G,A,-0.02619,0.00281,1.1749e-20,0.292247,385066,2.837479765073037e-4,109.29214225001999
8:126490972:A:T,8,126500031,T,A,-0.01293,0.002526,3.04089e-7,0.44831,385066,8.269906201021423e-5,31.84706533633222
8:143842901:T:C,8,143813988,C,T,0.01345,0.002577,1.77419e-7,0.375746,385066,8.486532215722862e-5,32.681353924780446
8:145011204:A:G,8,145010514,G,A,0.01779,0.00256,3.71535e-12,0.406561,385066,1.5271570166653276e-4,58.81430081373856
8:17371081:T:C,NA,17385596,NA,NA,0.01786,0.003177,1.89234e-8,0.803181,385066,1.0084940771420744e-4,38.83739306015085
8:18263484:T:C,NA,18262861,NA,NA,0.01615,0.002811,9.2683e-9,0.718688,385066,1.0546386929510914e-4,40.614622741516186
8:21866084:A:C,8,21885980,C,A,-0.01405,0.002866,9.39723e-7,0.275348,385066,7.877602552553529e-5,30.336201258329393
8:21944962:T:G,8,21946301,G,T,0.02279,0.002913,5.12861e-15,0.712724,385066,2.126862306148768e-4,81.91523294761248
8:23359280:C:A,NA,23377604,NA,NA,0.0197,0.003428,9.1622e-9,0.145129,385066,9.62979929097886e-5,37.08446150102552
8:23777006:A:G,8,23786072,G,A,0.01461,0.002577,1.44212e-8,0.428429,385066,1.0453927249318334e-4,40.25851901960511
8:38226277:A:G,8,38310910,G,A,0.01934,0.002913,3.16228e-11,0.255467,385066,1.4228584420659604e-4,54.796953144306784
8:63848556:A:G,8,63954079,G,A,-0.0153,0.002531,1.49968e-9,0.45328,385066,1.1602307617228798e-4,44.68149388757472
8:72414019:T:C,8,72528849,C,T,0.01856,0.002832,5.62341e-11,0.269384,385066,1.3559601161625929e-4,52.220223471031645
8:8283706:A:G,8,8296230,G,A,-0.026,0.00384,1.28825e-11,0.114314,385066,1.3688501031420799e-4,52.71670573843892
8:9183358:A:G,8,9183596,G,A,0.07269,0.004337,4.5708799999999997e-63,0.925447,385066,7.291149603065953e-4,280.9607757803796
8:9233961:T:C,NA,9226095,NA,NA,0.01476,0.002938,5.03501e-7,0.256461,385066,8.30859892312836e-5,31.996081783461488
8:98812563:A:G,8,98844069,G,A,0.0154,0.002523,1.03753e-9,0.49006,385066,1.1853313547644802e-4,45.648254109791644
9:116128568:A:C,9,116123302,C,A,-0.01762,0.003277,7.63836e-8,0.168986,385066,8.719686485337957e-5,33.57930157772329
9:129294471:A:G,9,129294976,G,A,0.0415,0.002633,5.49541e-56,0.645129,385066,7.885754714350757e-4,303.8916668471251
9:129353912:A:C,NA,129401550,NA,NA,0.01982,0.002549,7.58578e-15,0.439364,385066,1.9352752698419508e-4,74.53490820710141
9:136154168:T:C,9,136149830,C,T,-0.01818,0.003106,4.81948e-9,0.213718,385066,1.1108033694752462e-4,42.77779063775954
9:140358556:C:T,NA,140358581,NA,NA,0.03463,0.004733,2.5704e-13,0.0785288,385066,1.7355842724286582e-4,66.84270334231164
9:71410907:G:C,NA,71410645,NA,NA,-0.01541,0.002711,1.30617e-8,0.308151,385066,1.0125352979480049e-4,38.99303737957716
9:71514849:A:G,9,71467135,G,A,0.0282,0.002925,5.49541e-22,0.275348,385066,3.173508265545101e-4,122.23917137846017
9:77472066:G:A,NA,77466700,NA,NA,-0.04716,0.004694,9.54993e-24,0.0745527,385066,3.0689701030706796e-4,118.21126906194053
9:80366259:T:C,9,80498559,C,T,-0.03648,0.002799,7.943279999999999e-39,0.715706,385066,5.415542981930484e-4,208.6460574486203
9:86681071:G:T,NA,86678355,NA,NA,-0.01722,0.003045,1.54525e-8,0.771372,385066,1.045898589973846e-4,40.27800213553296
9:903352:A:T,9,903778,T,A,0.02411,0.004078,3.35738e-9,0.121272,385066,1.2389090387518974e-4,47.71183807254042
9:96905219:T:G,NA,96904836,NA,NA,0.01901,0.002584,1.86209e-13,0.403579,385066,1.73970541741573e-4,67.00144896355073
9:97804641:A:C,9,97639463,C,A,-0.04572,0.004387,1.99526e-25,0.0884692,385066,3.371365878034195e-4,129.86294459595914
