ID,CHR,POS,ALT_FREQS
1:55505647:G:T,1,55505647,0.0208748
1:109817192:A:G,1,109817192,0.212724
19:11187324:C:G,19,11187324,0.115308
19:45232161:G:A,19,45232161,0.0258449
19:45295886:G:A,19,45295886,0.0228628
19:45347911:C:A,19,45347911,0.457256
19:45387459:C:G,19,45387459,0.135189
2:21288321:A:G,2,21288321,0.795229
5:74656539:T:C,5,74656539,0.412525
19:45412955:A:C,19,45412955,0.0308151
8:126500031:C:G,8,126500031,0.407555
19:19379549:C:T,19,19379549,0.0675944
2:44069772:G:A,2,44069772,0.0795229
19:45324897:C:T,19,45324897,0.0109344
2:21150787:T:C,2,21150787,0.60835
6:160985526:G:A,6,160985526,0.0735586
9:136149711:A:T,9,136149711,0.183897
19:11271714:G:A,19,11271714,0.293241
17:67081278:A:G,17,67081278,0.0109344
11:116648917:G:C,11,116648917,0.837972
19:45526692:G:T,19,45526692,0.419483
1:63139730:C:T,1,63139730,0.694831
16:72101525:C:G,16,72101525,0.201789
19:45154340:G:A,19,45154340,0.186879
1:234853059:C:T,1,234853059,0.518887
1:55521313:G:T,1,55521313,0.625249
5:156399039:C:T,5,156399039,0.648111
2:27730940:T:C,2,27730940,0.589463
6:32632859:C:G,6,32632859,0.207753
6:26098474:T:C,6,26098474,0.0427435
6:160564476:C:G,6,160564476,0.184891
19:11192226:T:C,19,11192226,0.0596421
11:126228000:C:T,11,126228000,0.0656064
19:45017064:C:T,19,45017064,0.127237
20:39179822:G:C,20,39179822,0.0397614
8:9183358:A:G,8,9183358,0.925447
19:49206145:G:C,19,49206145,0.441352
7:44582331:A:G,7,44582331,0.194831
2:21141832:C:A,2,21141832,0.223658
16:56993324:C:A,16,56993324,0.292247
19:19396616:C:T,19,19396616,0.0129225
8:59393273:A:G,8,59393273,0.632207
2:44099433:C:A,2,44099433,0.200795
11:61588305:A:G,11,61588305,0.352883
6:160514283:A:G,6,160514283,0.0675944
12:111973358:A:G,12,111973358,0.533797
17:67082962:C:G,17,67082962,0.152087
19:58662235:C:T,19,58662235,0.153082
7:21598753:G:C,7,21598753,0.188867
1:220970028:A:G,1,220970028,0.72167
1:25793663:C:T,1,25793663,0.432406
12:121426594:G:A,12,121426594,0.335984
19:10670351:C:T,19,10670351,0.0109344
20:39841091:C:T,20,39841091,0.457256
6:16131156:T:C,6,16131156,0.336978
9:22081850:C:T,9,22081850,0.485089
1:55490318:A:G,1,55490318,0.747515
19:45657486:C:T,19,45657486,0.505964
19:45521932:A:T,19,45521932,0.942346
20:43042364:C:T,20,43042364,0.0367793
19:45211846:G:T,19,45211846,0.0218688
17:7080316:C:T,17,7080316,0.183897
16:72107660:G:A,16,72107660,0.0149105
17:45766771:G:A,17,45766771,0.464215
17:64228995:G:C,17,64228995,0.0407555
2:169830328:A:G,2,169830328,0.604374
6:31324194:G:A,6,31324194,0.508946
19:45125197:T:C,19,45125197,0.198807
16:71907561:T:A,16,71907561,0.305169
19:46380325:T:G,19,46380325,0.0924453
19:11248104:G:A,19,11248104,0.0208748
9:107661742:A:C,9,107661742,0.246521
13:114546549:T:G,13,114546549,0.32505
5:52095024:C:T,5,52095024,0.028827
2:118845121:G:A,2,118845121,0.0894632
5:122848876:G:A,5,122848876,0.587475
19:10964259:G:C,19,10964259,0.0854871
8:9226095:T:C,8,9226095,0.574553
19:46204878:T:C,19,46204878,0.0407555
6:29850784:A:G,6,29850784,0.208748
2:20371613:T:C,2,20371613,0.446322
19:44819582:A:T,19,44819582,0.200795
20:17844684:G:T,20,17844684,0.616302
15:58726744:G:C,15,58726744,0.803181
14:24871926:C:T,14,24871926,0.470179
8:55437524:A:G,8,55437524,0.171968
3:32535382:A:G,3,32535382,0.112326
10:94839642:G:A,10,94839642,0.486083
4:3443931:A:G,4,3443931,0.610338
8:116659578:G:C,8,116659578,0.240557
4:69373407:T:C,4,69373407,0.177932
2:62988169:G:T,2,62988169,0.351889
6:34603691:G:A,6,34603691,0.0994036
17:76382791:C:T,17,76382791,0.469185
9:107647019:C:T,9,107647019,0.0934394
7:25991826:T:C,7,25991826,0.171968
19:11282298:G:A,19,11282298,0.0188867
4:100239319:T:C,4,100239319,0.971173
18:47109955:A:G,18,47109955,0.0159046
1:27180088:A:C,1,27180088,0.0248509
3:132217703:G:A,3,132217703,0.0506958
2:203527979:T:C,2,203527979,0.514911
16:83980529:C:G,16,83980529,0.461233
6:32501811:T:C,6,32501811,0.120278
1:110227311:A:T,1,110227311,0.919483
6:116316882:G:T,6,116316882,0.424453
11:116693353:C:T,11,116693353,0.0656064
12:50715252:G:T,12,50715252,0.372763
20:34127871:G:A,20,34127871,0.147117
19:45236729:T:C,19,45236729,0.795229
10:113949664:T:C,10,113949664,0.693837
7:21499828:G:A,7,21499828,0.605368
19:45483721:G:A,19,45483721,0.0218688
1:55694188:A:G,1,55694188,0.0377734
10:124686656:T:C,10,124686656,0.601392
15:75106719:G:T,15,75106719,0.66004
16:72230112:C:T,16,72230112,0.202783
3:12239931:G:T,3,12239931,0.274354
2:121306440:G:A,2,121306440,0.450298
9:107589744:C:T,9,107589744,0.156064
7:100216773:C:T,7,100216773,0.248509
6:160519228:G:A,6,160519228,0.0497018
8:145031968:C:T,8,145031968,0.378728
19:11392094:A:G,19,11392094,0.66501
4:81164723:C:T,4,81164723,0.269384
19:45435525:T:G,19,45435525,0.0129225
6:26104632:T:G,6,26104632,0.828032
1:109762333:C:T,1,109762333,0.218688
3:58406694:G:C,3,58406694,0.083499
11:5691528:C:T,11,5691528,0.0944334
13:32981279:T:A,13,32981279,0.148111
10:71093392:C:T,10,71093392,0.141153
20:39311250:G:C,20,39311250,0.188867
2:21565003:A:G,2,21565003,0.0576541
1:93034023:G:T,1,93034023,0.807157
19:18338709:G:A,19,18338709,0.289264
20:62896110:C:T,20,62896110,0.193837
6:127148295:A:T,6,127148295,0.44831
5:74316685:A:G,5,74316685,0.0119284
19:45690889:T:C,19,45690889,0.195825
11:5701074:C:A,11,5701074,0.0675944
1:234725135:C:T,1,234725135,0.489066
19:11174441:C:T,19,11174441,0.0685885
6:32469068:C:T,6,32469068,0.476143
9:139320069:T:G,9,139320069,0.297217
19:45819307:G:A,19,45819307,0.54672
7:100532540:T:C,7,100532540,0.162028
15:58683366:A:G,15,58683366,0.635189
19:11257499:T:C,19,11257499,0.0109344
20:39091487:A:G,20,39091487,0.243539
16:71571282:A:G,16,71571282,0.0168986
19:11485392:C:T,19,11485392,0.0178926
1:55453841:G:A,1,55453841,0.0178926
9:2640759:A:G,9,2640759,0.0526839
8:29024943:G:A,8,29024943,0.0198807
17:29546175:T:C,17,29546175,0.7167
14:70850012:A:G,14,70850012,0.867793
5:71953629:C:G,5,71953629,0.191849
19:46045916:T:C,19,46045916,0.715706
7:36170409:T:C,7,36170409,0.392644
17:7563827:C:A,17,7563827,0.813121
6:160580496:C:T,6,160580496,0.0318091
3:142648844:G:T,3,142648844,0.337972
19:11232261:A:T,19,11232261,0.0119284
16:53827962:A:G,16,53827962,0.411531
6:130389211:G:A,6,130389211,0.666998
5:74399866:T:C,5,74399866,0.0407555
16:57015091:G:C,16,57015091,0.0516899
9:78730766:G:A,9,78730766,0.550696
10:115786233:G:A,10,115786233,0.114314
5:156182737:C:T,5,156182737,0.0367793
6:27186172:T:G,6,27186172,0.310139
16:88563924:G:T,16,88563924,0.0656064
1:45237714:T:C,1,45237714,0.217694
11:66269714:A:G,11,66269714,0.239563
2:44084300:G:T,2,44084300,0.0347913
12:9077330:A:G,12,9077330,0.2167
20:62362834:G:A,20,62362834,0.191849
8:126521941:A:T,8,126521941,0.0119284
1:10798489:C:G,1,10798489,0.353877
2:118507891:A:G,2,118507891,0.082505
8:18272881:G:A,8,18272881,0.756461
19:11242133:G:A,19,11242133,0.0337972
16:11706100:G:A,16,11706100,0.0675944
20:44551855:T:C,20,44551855,0.220676
2:44327463:G:A,2,44327463,0.474155
7:98874892:A:G,7,98874892,0.0357853
16:72124311:T:C,16,72124311,0.0208748
14:94768196:T:C,14,94768196,0.0497018
20:17802863:C:G,20,17802863,0.141153
17:26694861:G:A,17,26694861,0.449304
2:44007872:C:T,2,44007872,0.132207
5:131755651:C:T,5,131755651,0.197813
6:135418916:A:G,6,135418916,0.264414
9:78214452:T:C,9,78214452,0.673956
19:11284302:C:T,19,11284302,0.488072
6:161092438:C:T,6,161092438,0.0725646
1:109529092:C:T,1,109529092,0.0109344
6:37025436:G:C,6,37025436,0.555666
2:26929282:T:G,2,26929282,0.592445
2:135597764:C:A,2,135597764,0.468191
1:16493225:G:A,1,16493225,0.569583
3:119536429:G:A,3,119536429,0.797217
12:72179446:C:T,12,72179446,0.0168986
19:44072880:G:C,19,44072880,0.557654
1:224537655:C:T,1,224537655,0.219682
17:7480325:A:C,17,7480325,0.0168986
2:43846741:A:G,2,43846741,0.0685885
8:126481061:A:G,8,126481061,0.0168986
10:114756041:A:T,10,114756041,0.345924
21:40709171:A:G,21,40709171,0.597416
15:57512284:A:T,15,57512284,0.055666
9:131659724:T:C,9,131659724,0.128231
2:3636478:T:G,2,3636478,0.157058
18:47158234:C:T,18,47158234,0.833002
11:18664241:T:G,11,18664241,0.719682
21:37553209:T:C,21,37553209,0.340954
2:21261998:A:C,2,21261998,0.0208748
19:41353107:T:C,19,41353107,0.592445
19:11222987:G:A,19,11222987,0.0258449
2:21524166:T:G,2,21524166,0.939364
1:110002501:G:T,1,110002501,0.83002
1:234743237:G:A,1,234743237,0.153082
2:44125185:T:A,2,44125185,0.153082
3:122282569:T:C,3,122282569,0.144135
20:12958687:A:G,20,12958687,0.637177
6:30062345:A:T,6,30062345,0.177932
6:100620931:C:T,6,100620931,0.243539
7:87131423:T:C,7,87131423,0.181909
19:15798015:T:A,19,15798015,0.513917
6:35395618:C:T,6,35395618,0.763419
7:1074134:T:C,7,1074134,0.220676
1:235011460:T:C,1,235011460,0.548708
4:103188709:C:T,4,103188709,0.0795229
2:216300185:C:T,2,216300185,0.766402
22:21999229:C:G,22,21999229,0.187873
1:198992043:A:G,1,198992043,0.736581
3:170756985:T:G,3,170756985,0.0974155
8:41540622:A:G,8,41540622,0.0228628
2:234522619:A:C,2,234522619,0.0526839
2:204317553:C:T,2,204317553,0.530815
6:30932532:C:T,6,30932532,0.600398
7:98022388:C:T,7,98022388,0.829026
1:23886151:C:T,1,23886151,0.0536779
19:45814908:C:T,19,45814908,0.467197
1:55799799:C:G,1,55799799,0.028827
19:2802092:T:C,19,2802092,0.316103
1:56798093:A:T,1,56798093,0.600398
2:21477029:A:G,2,21477029,0.0457256
12:57781893:G:A,12,57781893,0.190855
2:165528876:C:T,2,165528876,0.435388
17:46531621:A:T,17,46531621,0.378728
2:118369430:A:G,2,118369430,0.767396
6:160997164:T:C,6,160997164,0.0188867
10:101953705:A:C,10,101953705,0.428429
6:160581911:G:A,6,160581911,0.0894632
4:87976359:A:T,4,87976359,0.374751
12:124447465:T:A,12,124447465,0.366799
8:61306938:G:A,8,61306938,0.398608
7:44588042:A:C,7,44588042,0.557654
5:161179919:C:T,5,161179919,0.243539
6:42917017:A:G,6,42917017,0.544732
11:122518525:A:G,11,122518525,0.372763
9:19313913:A:G,9,19313913,0.0984095
8:74907558:C:T,8,74907558,0.285288
3:88353072:A:G,3,88353072,0.833002
10:17255095:G:A,10,17255095,0.457256
16:72526714:G:A,16,72526714,0.0109344
3:12450838:C:T,3,12450838,0.0129225
4:7225613:T:G,4,7225613,0.691849
1:182140185:C:G,1,182140185,0.319085
5:55860781:A:G,5,55860781,0.177932
13:28604007:T:C,13,28604007,0.0139165
5:34713792:C:T,5,34713792,0.0149105
2:21943125:A:G,2,21943125,0.100398
20:5580789:C:T,20,5580789,0.0149105
3:69810294:G:T,3,69810294,0.640159
6:145139982:T:C,6,145139982,0.351889
11:103870755:G:C,11,103870755,0.195825
2:109206139:A:G,2,109206139,0.152087
13:32990780:A:C,13,32990780,0.198807
7:30519211:A:C,7,30519211,0.026839
22:41268925:T:G,22,41268925,0.653082
6:11839042:C:G,6,11839042,0.0516899
6:160401264:A:G,6,160401264,0.083499
21:16586682:T:A,21,16586682,0.0149105
10:8095340:G:A,10,8095340,0.550696
18:55319032:T:C,18,55319032,0.112326
2:158466546:C:T,2,158466546,0.0477137
10:65172328:C:T,10,65172328,0.486083
10:18512174:A:G,10,18512174,0.735586
19:59033518:C:G,19,59033518,0.224652
5:75017740:C:T,5,75017740,0.0119284
15:49998682:T:C,15,49998682,0.574553
16:11633767:C:G,16,11633767,0.423459
10:130366214:C:T,10,130366214,0.639165
11:113653252:A:G,11,113653252,0.568588
11:126227026:C:T,11,126227026,0.028827
13:51082804:G:A,13,51082804,0.218688
4:36157399:A:T,4,36157399,0.426441
7:6489239:T:A,7,6489239,0.484095
1:150476186:C:T,1,150476186,0.354871
3:129288128:G:A,3,129288128,0.127237
14:99700454:C:T,14,99700454,0.373757
1:23785760:C:T,1,23785760,0.879722
14:74234294:C:T,14,74234294,0.254473
8:19819439:A:G,8,19819439,0.327038
17:67937331:G:A,17,67937331,0.33996
11:30533622:C:T,11,30533622,0.591451
6:39235814:G:T,6,39235814,0.290258
10:94906087:C:T,10,94906087,0.313121
5:75065346:T:A,5,75065346,0.0218688
5:147829177:C:G,5,147829177,0.240557
