Exposure,CHR,POS,effect_allele,other_allele,beta,se,p,eaf,R2,F,rsids,nearest_genes
Calcium,1,10798489,C,T,-0.01809,0.002552,1.34896e-12,0.356859,1.502138509803998e-4,63.19018883321988,rs880315,CASZ1
Calcium,1,109751667,C,A,0.03502,0.007097,8.01678e-7,0.0238569,5.712020771535686e-5,24.026417360067935,rs114713488,ELAPOR1
Calcium,1,109817192,G,T,0.1086,0.002908,9.999999999999994e-301,0.793241,0.00386864805832009,1633.492122698484,rs602633,PSRC1
Calcium,1,109939800,G,T,-0.02815,0.004851,6.53131e-9,0.0586481,8.749691576317137e-5,36.80486056635335,rs191304590,SYPL2
Calcium,1,110227311,T,A,0.0261,0.004454,4.60257e-9,0.90159,1.2088135742599802e-4,50.849450090713226,rs574344,"GSTM2,GSTM4"
Calcium,1,16493225,G,A,0.01326,0.002432,5.02343e-8,0.565606,8.640022424289495e-5,36.34350640478598,rs1497406,ARHGEF19
Calcium,1,171119200,C,T,-0.01409,0.002417,5.52077e-9,0.449304,9.824358204810383e-5,41.32580182214473,rs1795244,FMO3
Calcium,1,183076838,C,T,0.01443,0.002428,2.81838e-9,0.56163,1.0253066667364638e-4,43.12933313554861,rs3768629,LAMC1
Calcium,1,198994619,G,A,0.01672,0.002737,1.01859e-9,0.736581,1.0848511425287626e-4,45.63433212606557,rs12125200,PTPRC
Calcium,1,220970028,G,A,0.03402,0.002594,2.7542299999999996e-39,0.705765,4.8067669156859994e-4,202.27224741189303,rs2642439,"AL445423.3,MTARC1"
Calcium,1,224640147,G,A,0.01972,0.002951,2.34423e-11,0.750497,1.4563593532227064e-4,61.264124834345594,rs7517754,CNIH4
Calcium,1,230300481,C,T,0.01592,0.002976,8.85116e-8,0.782306,8.63255279223906e-5,36.31208333156066,rs4846917,GALNT2
Calcium,1,234743237,C,A,0.02449,0.003525,3.71535e-12,0.152087,1.5468597996718203e-4,65.07176229341515,rs1329126,IRF2BP2
Calcium,1,234734956,C,T,0.01477,0.002457,1.80717e-9,0.5666,1.07141189445752e-4,45.068948727604266,rs636705,IRF2BP2
Calcium,1,235011460,G,A,-0.01367,0.002679,3.3037e-7,0.670974,8.250930601407086e-5,34.7066902809774,rs2802951,TOMM20
Calcium,1,23785760,G,A,0.02398,0.003469,4.67735e-12,0.869781,1.3026046541542274e-4,54.79534072263901,rs1198433,ASAP3
Calcium,1,40073011,G,A,-0.01353,0.002543,1.03039e-7,0.338966,8.20361980974968e-5,34.50766597851974,rs2242500,PABPC4
Calcium,1,45237714,C,T,0.01731,0.003195,6.01174e-8,0.171968,8.533336909952285e-5,35.894704726191925,rs17390983,EIF2B3
Calcium,1,55505647,G,C,-0.04955,0.002811,1.62181e-69,0.230616,8.712642593365603e-4,366.77766406807945,rs12117661,BSND
Calcium,1,55490318,G,C,0.05117,0.009065,1.65577e-8,0.0149105,7.691813165531404e-5,32.35463942329818,rs72660548,PCSK9
Calcium,1,55521313,C,T,0.03294,0.002754,5.754399999999999e-33,0.705765,4.506419675804383e-4,189.6277189825603,rs634272,PCSK9
Calcium,1,55799130,C,T,-0.03775,0.006923,4.96592e-8,0.0298211,8.245925216040084e-5,34.68563390635802,rs77943492,USP24
Calcium,1,63050598,G,C,0.06391,0.002512,7.94328e-143,0.694831,0.00173215691390221,729.8180180977786,rs1168085,DOCK7
Calcium,1,66130398,G,A,0.01229,0.002496,8.57038e-7,0.372763,7.063146734874431e-5,29.710046788418264,rs4655729,LEPR
Calcium,1,93034023,C,T,0.0293,0.004024,3.38844e-13,0.902584,1.5096739457238904e-4,63.50722851494511,rs7514716,EVI5
Calcium,10,101953705,C,T,0.02027,0.002415,4.67735e-17,0.481113,2.0514331784979303e-4,86.30200948477503,rs2862954,ERLIN1
Calcium,10,113949664,G,A,-0.02858,0.002704,4.0738e-26,0.688867,3.501353031092566e-4,147.32024118156912,rs1129555,GPAM
Calcium,10,114014745,G,A,-0.01941,0.003109,4.31519e-10,0.176938,1.097323630239582e-4,46.15904569085053,rs56397607,TECTB
Calcium,10,114206683,G,A,-0.02031,0.003753,6.25173e-8,0.0944334,7.054981267294588e-5,29.67569757420921,rs3736946,ACSL5
Calcium,10,114756041,C,T,-0.01571,0.002608,1.69434e-9,0.343936,1.113797424544432e-4,46.85209494931999,rs7901695,TCF7L2
Calcium,10,124686656,G,A,0.03204,0.00399,9.77237e-16,0.100398,1.8543447720395265e-4,78.00913386732432,rs1106056,C10orf88
Calcium,10,130366214,C,A,0.01243,0.002443,3.67282e-7,0.60338,7.394993112364088e-5,31.10601106763496,rs10829426,MKI67
Calcium,10,17255095,G,A,0.02004,0.002438,2.04174e-16,0.451292,1.988952250952535e-4,83.67296830505455,rs10904908,VIM
Calcium,10,18512174,G,T,0.014,0.002678,1.72187e-7,0.694831,8.312002552408801e-5,34.96360451125843,rs7896607,CACNB2
Calcium,10,46007533,C,A,0.02052,0.002784,1.69824e-13,0.274354,1.676566602306099e-4,70.52905424197911,rs970548,MARCHF8
Calcium,10,5261829,G,C,-0.01993,0.003334,2.29087e-9,0.120278,8.405745638737701e-5,35.35795854387096,rs17134592,AKR1C4
Calcium,10,71093392,G,A,-0.01513,0.002764,4.40555e-8,0.292247,9.469774388343528e-5,39.834116767079735,rs10823343,HK1
Calcium,10,88552723,C,T,-0.01277,0.002585,7.78037e-7,0.321074,7.10950508907592e-5,29.905059981669066,rs3905377,BMPR1A
Calcium,10,94839642,C,A,-0.01542,0.002417,1.77011e-10,0.549702,1.1771344724244916e-4,49.51669325806978,rs6583855,CYP26A1
Calcium,11,103870755,C,A,-0.01871,0.003016,5.50808e-10,0.208748,1.1564176583253398e-4,48.6451303267631,rs12146566,PDGFD
Calcium,11,116538072,C,T,0.01373,0.002556,7.76247e-8,0.34791299999999997,8.553567148473332e-5,35.97980866193005,rs180363,BUD13
Calcium,11,116648917,C,T,-0.05648,0.002814,1.31826e-89,0.704771,0.00132747518870473,559.0848730425008,rs4520,APOC3
Calcium,11,116663128,G,A,0.06304,0.01281,8.60994e-7,0.0109344,8.595723934509091e-5,36.15715262376408,rs141469619,SIK3
Calcium,11,116679155,G,T,-0.04212,0.005068,9.33254e-17,0.0646123,2.144438404531131e-4,90.2154976715707,rs11216185,SIK3
Calcium,11,122518525,C,T,0.02297,0.00247,1.4125399999999998e-20,0.382704,2.4929206227569927e-4,104.87963351359984,rs7941030,UBASH3B
Calcium,11,126232385,C,T,0.03923,0.003527,9.77237e-29,0.13320100000000001,3.55379603787113e-4,149.5275773020555,rs7940893,ST3GAL4
Calcium,11,16248275,C,T,0.02261,0.004418,3.11172e-7,0.0795229,7.484043757920591e-5,31.480618271248584,rs78243491,SOX6
Calcium,11,18664241,C,T,0.01836,0.002734,1.86209e-11,0.7167,1.36886093106912e-4,57.58285748362359,rs10128711,SPTY2D1
Calcium,11,46349103,C,A,-0.0179,0.003191,2.01837e-8,0.173956,9.208282859521248e-5,38.73406486354496,rs2171668,AMBRA1
Calcium,11,47902883,C,T,-0.01973,0.002526,5.7544e-15,0.355865,1.784622402414988e-4,75.07550870024552,rs10838757,FNBP4
Calcium,11,61588305,G,C,-0.04415,0.002541,1.1749e-67,0.346918,8.832547049999159e-4,371.8297655864028,rs174545,"FADS1,FADS2"
Calcium,11,66269714,G,A,-0.01622,0.002793,6.25173e-9,0.241551,9.639775466129972e-5,40.54928645948378,rs11227527,ZDHHC24
Calcium,11,75474195,C,T,-0.02785,0.004292,8.70964e-11,0.0815109,1.1613686268795506e-4,48.853418813659935,rs10899121,DGAT2
Calcium,12,109890510,G,A,0.01629,0.002513,9.12011e-11,0.38171,1.2525582287095034e-4,52.68982508603414,rs11067376,MVK
Calcium,12,111884608,G,A,0.03243,0.002422,7.07946e-41,0.522863,5.24752962425461e-4,220.82960074814488,rs10774625,ATXN2
Calcium,12,121426594,G,A,0.03242,0.002583,3.89045e-36,0.341948,4.730165084591573e-4,199.04726118096605,rs2244608,HNF1A
Calcium,12,123770362,C,T,0.02634,0.004013,5.24807e-11,0.0964215,1.2089304288839171e-4,50.854366243151304,rs2270788,ABCB9
Calcium,12,125077567,T,A,-0.0146,0.002651,3.63915e-8,0.298211,8.922076096188728e-5,37.5300466236933,rs12367493,NCOR2
Calcium,12,125283196,G,A,0.02196,0.003199,6.60693e-12,0.154076,1.2570744775839942e-4,52.87982845269428,rs12580803,SCARB1
Calcium,12,133265742,C,T,0.03005,0.005783,2.03236e-7,0.0347913,6.064721089675108e-5,25.51006725365671,rs5745045,POLE
Calcium,12,26802549,C,T,-0.01185,0.002417,9.44061e-7,0.531809,6.992708752377356e-5,29.413739465070755,rs7134213,ITPR2
Calcium,12,50715252,C,T,0.02361,0.002529,9.77237e-21,0.620278,2.625875356194112e-4,110.47463968258512,rs2160994,LIMA1
Calcium,12,9074694,G,A,0.02288,0.00287699999999999,1.86209e-15,0.2167,1.77717041069568e-4,74.76196253383172,rs1805738,PHC1
Calcium,13,114547372,G,A,0.02537,0.002957,9.33254e-18,0.229622,2.2771324772111437e-4,95.7991452922427,rs9577922,GAS6
Calcium,13,32976654,C,T,-0.01523,0.002407,2.48313e-10,0.515905,1.1585909620208217e-4,48.73656173207104,rs4942486,BRCA2
Calcium,13,50956096,C,T,-0.01309,0.002637,6.91831e-7,0.708748,7.07408137721437e-5,29.75604494346644,rs201768,DLEU7
Calcium,13,74854181,G,T,-0.02056,0.003935,1.74181e-7,0.107356,8.101787129853357e-5,34.079282788466614,rs726618,KLF12
Calcium,14,24871926,C,T,-0.01803,0.002741,4.67735e-11,0.23161,1.1570722016451824e-4,48.67266711630722,rs3212243,RIPK3
Calcium,14,75232306,G,A,-0.01598,0.002412,3.46737e-11,0.470179,1.2722602005738683e-4,53.51870913859951,rs11159104,YLPM1
Calcium,14,94768196,G,A,0.03274,0.006072,6.95024e-8,0.0447316,9.160668978293128e-5,38.53376170650463,rs72702354,PPP4R4
Calcium,15,57512284,T,A,0.02749,0.004647,3.31131e-9,0.0636183,9.003563930758564e-5,37.872849977227155,rs72733906,TCF12
Calcium,15,58573833,G,A,-0.0404,0.003485,4.57088e-31,0.159046,4.366040074197388e-4,183.71804057352895,rs2899624,ALDH1A2
Calcium,15,58654430,G,A,-0.01826,0.003084,3.1842e-9,0.224652,1.1615515865588784e-4,48.86111597713814,rs11071373,ALDH1A2
Calcium,15,58683366,C,T,-0.04849,0.002466,4.57088e-86,0.632207,0.00109344545406538,460.4120606819222,rs2043085,ALDH1A2
Calcium,15,58726744,G,A,0.07374,0.002907,5.011869999999999e-142,0.213718,0.0018274928952429,770.0599282514335,rs1077835,"ALDH1A2,LIPC"
Calcium,15,63789186,G,T,0.01601,0.002536,2.7227e-10,0.39165,1.2214179630965549e-4,51.379725848831725,rs11635675,USP3
Calcium,15,75114322,C,T,0.02113,0.002717,7.58578e-15,0.687873,1.917205168202e-4,80.65407101734175,rs2301249,CSK
Calcium,16,11443183,T,A,0.01494,0.002892,2.40991e-7,0.197813,7.083724132036102e-5,29.796608595104026,rs8061370,"AC099489.1,RMI2"
Calcium,16,11633767,G,A,-0.01462,0.002611,2.14783e-8,0.317097,9.257120026193548e-5,38.93951436375365,rs3784924,LITAF
Calcium,16,53827962,G,A,-0.01853,0.002465,5.62341e-14,0.411531,1.6630564056452696e-4,69.96061879516589,rs10468280,FTO
Calcium,16,57000696,C,T,0.04244,0.002575,5.24807e-61,0.293241,7.465807461601682e-4,314.2502078933876,rs56156922,CETP
Calcium,16,57007192,T,A,-0.02194,0.003658,2.01372e-9,0.877734,1.0331701922548543e-4,43.46014504397635,rs289715,CETP
Calcium,16,67947158,C,T,0.01736,0.00322,7.07946e-8,0.184891,9.083660561799156e-5,38.20980135461173,rs1109166,"LCAT,SLC12A4"
Calcium,16,67976320,G,A,-0.02875,0.005255,4.48745e-8,0.0536779,8.397310135715972e-5,35.32247243388604,rs76360715,TANGO6
Calcium,16,70990243,G,A,-0.01442,0.002849,4.13048e-7,0.759443,7.597552309367168e-5,31.958112925160354,rs9889153,CMTR2
Calcium,16,71921783,C,T,0.02365,0.002502,3.23594e-21,0.32505,2.454223203658875e-4,103.25119520540196,rs8203,PHLPP2
Calcium,16,72101525,C,T,-0.04431,0.003134,2.18776e-45,0.17992,5.79387549876146e-4,243.83457513271765,rs9302635,DHX38
Calcium,16,72110323,G,A,-0.03691,0.004073,1.28825e-19,0.0974155,2.3957087614647344e-4,100.78885443575044,rs9922931,PMFBP1
Calcium,17,18057215,G,A,0.01645,0.003079,9.1622e-8,0.202783,8.749231242810775e-5,36.80292404175279,rs2015336,MYO15A
Calcium,17,27653016,C,T,-0.01892,0.002612,4.36516e-13,0.2833,1.4536379039740798e-4,61.14962600151875,rs9303642,NF1
Calcium,17,37833035,C,T,0.01525,0.002564,2.69774e-9,0.67495,1.0204493539968748e-4,42.92499033165098,rs11078919,PGAP3
Calcium,17,45766771,C,A,0.0236,0.002411,1.25893e-22,0.462227,2.7689065946865635e-4,116.49385188528676,rs4794048,KPNB1
Calcium,17,46531621,C,A,-0.01493,0.002503,2.46604e-9,0.378728,1.0489597075113256e-4,44.12439824936829,rs4794678,SKAP1
Calcium,17,64228995,C,A,0.05605,0.007104,3.01995e-15,0.0407555,2.456386901379793e-4,103.34224611945749,rs1801689,APOH
Calcium,17,67082962,C,A,-0.04067,0.008086,4.90908e-7,0.0139165,4.539646713267151e-5,19.094847896972254,rs117281630,ABCA10
Calcium,17,67081278,G,A,0.02558,0.004205,1.17761e-9,0.0914513,1.0873495290393468e-4,45.739438341833406,rs62080889,ABCA5
Calcium,17,7080069,G,A,-0.02416,0.002819,1.02329e-17,0.233598,2.0900159724560367e-4,87.92549337804175,rs67143157,ASGR1
Calcium,17,7563827,G,T,-0.01838,0.002492,1.62181e-13,0.525845,1.6846089090806558e-4,70.86743141101879,rs1050541,ATP1B2
Calcium,17,76402105,G,A,-0.01643,0.002991,3.92645e-8,0.205765,8.823190345922181e-5,37.11405439813062,rs34337072,PGS1
Calcium,17,8219478,C,T,0.01433,0.002406,2.61216e-9,0.476143,1.0244069869853988e-4,43.09148439786905,rs871841,ARHGEF15
Calcium,18,19640350,C,T,-0.03267,0.005263,5.39511e-10,0.0636183,1.271637252171359e-4,53.492500950645514,rs118057319,MIB1
Calcium,18,47118398,G,T,0.04643,0.005952,6.16595e-15,0.0536779,2.1900894970178312e-4,92.1364379938328,rs3786247,LIPG
Calcium,18,47109955,G,A,0.03376,0.002467,1.28825e-42,0.616302,5.39036264661131e-4,226.84362503809777,rs8090363,LIPG
Calcium,18,47158234,C,T,0.05001,0.003136,3.16228e-57,0.832008,6.991330090100096e-4,294.26456932845474,rs10438978,LIPG
Calcium,18,55319032,C,A,0.01862,0.003372,3.38065e-8,0.151093,8.89393206927505e-5,37.41165034674216,rs7226404,ATP8B1
Calcium,19,10964259,G,T,0.04213,0.006685,2.93765e-10,0.0397614,1.3553571192824096e-4,57.01472564700875,rs11545166,KRI1
Calcium,19,10670351,C,T,0.01738,0.002805,5.78096e-10,0.777336,1.0456547814972778e-4,43.98536228760545,rs3218222,KRI1
Calcium,19,11192226,G,A,0.05567,0.005319,1.23027e-25,0.0447316,2.6485750439068885e-4,111.42990368044896,rs6511719,SMARCA4
Calcium,19,11187324,C,A,-0.1714,0.003743,9.999999999999994e-301,0.111332,0.00581314537247979,2459.3344782333857,rs55791371,SMARCA4
Calcium,19,11231203,G,A,0.03827,0.002474,6.025599999999998e-54,0.578529,7.142327357575573e-4,300.62457573647157,rs5930,LDLR
Calcium,19,11232261,C,T,0.05687,0.01055,7.01455e-8,0.0139165,8.876467513834572e-5,37.33818049802606,rs111282584,SPC24
Calcium,19,11271714,C,A,0.04147,0.002557,3.80189e-59,0.318091,7.460636321342232e-4,314.0323821334372,rs7188,KANK2
Calcium,19,11350488,G,A,-0.07256,0.00656,1.9498399999999998e-28,0.0397614,4.020363960235179e-4,169.16652945130014,rs17699030,DOCK6
Calcium,19,11485392,G,C,-0.03923,0.006373,7.46449e-10,0.0308151,9.192567605518476e-5,38.66795355496319,rs117752662,DOCK6
Calcium,19,15798015,G,A,0.01552,0.002409,1.17761e-10,0.512922,1.2035475984423138e-4,50.62790707388023,rs593818,CYP4F12
Calcium,19,17342664,C,T,0.01476,0.002449,1.65196e-9,0.39165,1.03813624462968e-4,43.66906296094953,rs7248508,MYO9B
Calcium,19,18338709,G,A,0.01637,0.002671,8.8308e-10,0.281312,1.0835675892880607e-4,45.58033352646231,rs874628,MPV17L2
Calcium,19,19396616,G,A,-0.1592,0.01102,2.81838e-47,0.0129225,6.465675669267121e-4,272.12549900900274,rs187429064,TM6SF2
Calcium,19,19379549,C,T,-0.1389,0.00451,1.995259999999999e-208,0.0705765,0.00253109387888829,1067.292157576839,rs10401969,SUGP1
Calcium,19,2802092,C,T,0.01795,0.002946,1.10917e-9,0.237575,1.1672308779084689e-4,49.100045449184655,rs1640262,SGTA
Calcium,19,45196958,G,A,-0.02684,0.003839,2.75423e-12,0.100398,1.3012792132615882e-4,54.73957749682297,rs62117774,ZNF226
Calcium,19,45017064,C,T,-0.03503,0.004056,5.888440000000001e-18,0.084493,1.898421614854235e-4,79.86372383353338,rs62116946,CEACAM20
Calcium,19,45761361,C,A,-0.02429,0.003245,7.07946e-14,0.138171,1.4051511066977298e-4,59.10966392422783,rs1727739,CEACAM20
Calcium,19,45068078,C,A,0.02694,0.003659,1.77828e-13,0.885686,1.469617719995218e-4,61.821941573941025,rs7258420,CEACAM20
Calcium,19,45241638,G,T,-0.03316,0.002791,1.5135599999999998e-32,0.246521,4.084925241587319e-4,171.88421153921814,rs10426401,PVR
Calcium,19,45296364,G,A,-0.2238,0.006825,1e-235,0.028827,0.00280444035628379,1182.8789495173703,rs28399657,BCAM
Calcium,19,45349402,G,A,0.02051,0.002653,1.07152e-14,0.300199,1.7674417777079876e-4,74.35262628508467,rs1135062,BCAM
Calcium,19,45232161,C,T,0.118,0.003257,1.25893e-287,0.864811,0.00325579139380159,1373.875190210363,rs2927472,NECTIN2
Calcium,19,45392254,G,A,0.1574,0.00307,9.999999999999994e-301,0.197813,0.00786266732603787,3333.285707287197,rs4420638,APOC1
Calcium,19,45522289,G,C,-0.01854,0.003108,2.44343e-9,0.237575,1.2452235387151953e-4,52.38124728634129,rs35136575,APOC4
Calcium,19,45526692,G,A,-0.03549,0.004789,1.25893e-13,0.0715706,1.6738846892378425e-4,70.41621383390934,rs75178253,CLPTM1
Calcium,19,45706952,C,T,0.01879,0.003153,2.5527e-9,0.195825,1.1119935260314388e-4,46.776205185379176,rs12460985,"BLOC1S3,MARK4"
Calcium,19,45479740,G,A,0.02909,0.0042,4.2658e-12,0.0854871,1.3231462758645995e-4,55.65955850975883,rs10420888,"BLOC1S3,EXOC3L2,MARK4"
Calcium,19,45820927,G,A,-0.01208,0.002414,5.59758e-7,0.54175,7.24544823288e-5,30.476925729781648,rs377993,CKM
Calcium,19,46207810,G,A,-0.01573,0.002744,9.95405e-9,0.704771,1.029661517537046e-4,43.3125379837258,rs7251522,OPA3
Calcium,19,45131740,C,T,-0.04874,0.005971,3.31131e-16,0.0407555,1.857447676375435e-4,78.13969203112859,rs11083779,QPCTL
Calcium,19,46391891,G,A,-0.04602,0.003786,5.370319999999999e-34,0.0894632,3.4503659195879736e-4,145.17420617416863,rs34851490,IRF2BP1
Calcium,19,50016759,G,A,0.01762,0.003113,1.52405e-8,0.199801,9.92744445118786e-5,41.75947338244185,rs1132990,FCGRT
Calcium,19,54796630,G,T,0.02478,0.002864,5.01187e-18,0.177932,1.796364248950148e-4,75.56955353739608,rs453755,LILRA5
Calcium,19,58662235,G,A,-0.04389,0.00866,4.01791e-7,0.0188867,7.138983897416013e-5,30.02906699198372,rs45580533,ZNF274
Calcium,2,109206139,C,A,0.01916,0.003441,2.56448e-8,0.152087,9.468133923453782e-5,39.82721558285215,rs826682,LIMS1
Calcium,2,113841030,G,A,-0.01253,0.002473,3.99945e-7,0.397614,7.52088027300486e-5,31.635577746198056,rs13382561,IL1RN
Calcium,2,118507891,G,A,0.0354,0.005603,2.64241e-10,0.0795229,1.834601386719087e-4,77.17841078804383,rs7559497,DDX18
Calcium,2,118845121,C,T,-0.03558,0.003994,5.1286100000000005e-19,0.0924453,2.124220176240483e-4,89.36474576236215,rs72839630,INSIG2
Calcium,2,118845121,C,T,-0.03558,0.003994,5.1286100000000005e-19,0.0924453,2.124220176240483e-4,89.36474576236215,rs72839630,INSIG2
Calcium,2,135632981,G,T,0.0191,0.002519,3.38844e-14,0.510934,1.823177722100153e-4,76.69774994329664,rs10496731,ACMSD
Calcium,2,169830328,G,A,-0.02724,0.002464,1.9952599999999995e-28,0.604374,3.5484182162961395e-4,149.3012227043597,rs2241340,ABCB11
Calcium,2,203527979,G,T,-0.02591,0.002638,8.91251e-23,0.311133,2.877705048273532e-4,121.07255429297852,rs6435161,FAM117B
Calcium,2,20371613,G,C,-0.02449,0.002463,2.63027e-23,0.584493,2.913165948655702e-4,122.56492157903752,rs907872,SDC1
Calcium,2,204317553,C,T,0.01272,0.002434,1.72187e-7,0.557654,7.982356950625029e-5,33.57687267800642,rs3814365,"ABI2,RAPH1"
Calcium,2,20539513,C,T,-0.01365,0.002476,3.50752e-8,0.389662,8.862449304534465e-5,37.27920874831363,rs10856797,PUM2
Calcium,2,21141832,C,T,-0.01258,0.002412,1.8281e-7,0.497018,7.912538546563226e-5,33.28316629713503,rs6531255,LDAH
Calcium,2,21150787,G,A,-0.02892,0.002515,1.38038e-30,0.696819,3.533853472313e-4,148.6881881992369,rs4341893,APOB
Calcium,2,21289432,G,A,0.1102,0.003138,5.0118700000000014e-270,0.795229,0.00395506700181999,1670.126418185935,rs562338,APOB
Calcium,2,21085359,C,T,-0.02758,0.005121,7.24436e-8,0.946322,7.727762779173646e-5,32.50586861375909,rs992952,TDRD15
Calcium,2,216300185,C,T,0.01514,0.002742,3.35738e-8,0.76839,8.158696104022968e-5,34.318683705436236,rs1250229,FN1
Calcium,2,21943125,C,A,-0.02314,0.00405,1.09901e-8,0.100398,9.672353903539506e-5,40.68633946272557,rs7597407,TDRD15
Calcium,2,234668570,G,C,-0.01751,0.002629,2.75423e-11,0.284294,1.2476840979722912e-4,52.48476544348651,rs2741019,UGT1A8
Calcium,2,27730940,C,T,-0.0505,0.002481,3.98107e-92,0.588469,0.00123520459041691,520.1757502268123,rs780093,GCKR
Calcium,2,3639921,C,T,-0.02262,0.003134,5.24807e-13,0.781312,1.748496004431741e-4,73.5554773402246,rs3820897,COLEC11
Calcium,2,44009416,G,A,0.01814,0.003364,6.95024e-8,0.139165,7.884143155980078e-5,33.16371499597613,rs11695056,DYNC2LI1
Calcium,2,44099433,C,T,0.01888,0.003223,4.68813e-9,0.166004,9.869985078810708e-5,41.51774853631737,rs1025447,DYNC2LI1
Calcium,2,43846741,T,A,0.01509,0.002786,6.10942e-8,0.238569,8.272809799372286e-5,34.79873048943579,rs11556157,DYNC2LI1
Calcium,2,44084300,G,C,0.03237,0.005568,6.10942e-9,0.0347913,7.037319665834807e-5,29.601401525735422,rs66900043,ABCG8
Calcium,2,44069772,C,T,-0.1123,0.004984,2.5118899999999992e-112,0.0755467,0.00176152975576594,742.2156578905033,rs41360247,ABCG8
Calcium,2,63208460,C,T,0.01638,0.002422,1.34896e-11,0.533797,1.3353926546196313e-4,56.17478428906045,rs2710647,EHBP1
Calcium,2,64889908,C,T,0.01603,0.002745,5.29663e-9,0.733598,1.0043675205914624e-4,42.24844339627147,rs4671606,SERTAD2
Calcium,20,12958687,G,A,0.01606,0.002467,7.4131e-11,0.633201,1.198093777520621e-4,50.398461537722575,rs680379,SPTLC3
Calcium,20,17844684,C,T,-0.01924,0.003184,1.52405e-9,0.829026,1.0493934629955826e-4,44.1426460507462,rs1977107,SNX5
Calcium,20,25238309,G,A,0.01375,0.002403,1.05196e-8,0.472167,9.423832567947188e-5,39.64084665943197,rs6115094,ENTPD6
Calcium,20,34147630,G,A,-0.03303,0.00346,1.34896e-21,0.147117,2.7377857660352845e-4,115.18417317130518,rs6119625,ERGIC3
Calcium,20,39092895,G,A,-0.01713,0.002574,2.88403e-11,0.243539,1.0811844292343156e-4,45.4800749206944,rs2902940,MAFB
Calcium,20,39179822,C,T,-0.02479,0.002496,2.95121e-23,0.335984,2.742080432032798e-4,115.36490799719174,rs6093367,MAFB
Calcium,20,39311250,G,A,-0.01669,0.002475,1.51356e-11,0.548708,1.3795631842890058e-4,58.033123348831865,rs6072081,MAFB
Calcium,20,39841091,G,T,0.0259,0.00241,6.0256e-27,0.462227,3.3349077721590305e-4,140.31468200325097,rs6072309,ZHX3
Calcium,20,62362834,G,A,-0.01785,0.002784,1.43219e-10,0.794235,1.0414225147404488e-4,43.80731387353846,rs6010620,"RTEL1,RTEL1-TNFRSF6B"
Calcium,20,62896110,G,A,0.02081,0.00299,3.38844e-12,0.199801,1.3847450390441077e-4,58.251135011737304,rs11905831,PCMTD2
Calcium,21,37553209,G,A,-0.01426,0.002475,8.26038e-9,0.409543,9.834602919496216e-5,41.36890007660177,rs1573306,DOP1B
Calcium,21,40665296,C,T,0.01388,0.002435,1.19674e-8,0.599404,9.25199039411093e-5,38.917934880747026,rs4624474,BRWD1
Calcium,22,21916272,C,T,-0.02537,0.003343,3.23594e-14,0.166998,1.790722309379493e-4,75.33216559261021,rs11089637,UBE2L3
Calcium,22,30836313,C,T,-0.01712,0.002825,1.35207e-9,0.254473,1.1120968294454678e-4,46.780551145151925,rs1002189,"CCDC157,RNF215"
Calcium,22,41268925,C,T,-0.0137,0.002409,1.29718e-8,0.526839,9.357460180349504e-5,39.36162864028538,rs138354,XPNPEP3
Calcium,3,119536429,G,A,0.01908,0.002552,7.58578e-14,0.329026,1.6073951214418686e-4,67.61871150410471,rs334558,GSK3B
Calcium,3,12239931,G,A,0.02194,0.002487,1.12202e-18,0.617296,2.2743626067211285e-4,95.6825901105002,rs2959273,PPARG
Calcium,3,12239931,G,A,0.02194,0.002487,1.12202e-18,0.617296,2.2743626067211285e-4,95.6825901105002,rs2959273,PPARG
Calcium,3,12239931,G,A,0.02194,0.002487,1.12202e-18,0.617296,2.2743626067211285e-4,95.6825901105002,rs2959273,PPARG
Calcium,3,12521698,G,A,-0.01584,0.002417,5.49541e-11,0.480119,1.252544570351636e-4,52.68925046473354,rs796173,"MKRN2OS,TSEN2"
Calcium,3,132217703,G,C,-0.02663,0.00517,2.58821e-7,0.0576541,7.705713732689498e-5,32.41311490722526,rs73215911,ACP3
Calcium,3,142123392,C,T,-0.02021,0.003584,1.69434e-8,0.146123,1.0192401386210722e-4,42.87411975284762,rs7642634,XRN1
Calcium,3,142648844,G,C,-0.01821,0.002556,1.04713e-12,0.385686,1.5713545044166992e-4,66.1023431544854,rs9832727,PAQR9
Calcium,3,142648844,G,C,-0.01821,0.002556,1.04713e-12,0.385686,1.5713545044166992e-4,66.1023431544854,rs9832727,PAQR9
Calcium,3,159952278,C,T,-0.01357,0.002415,1.95434e-8,0.513917,9.200111856754676e-5,38.699690889953104,rs60460891,TRIM59
Calcium,3,170756985,G,A,0.02347,0.004064,7.63836e-9,0.111332,1.0899729691263808e-4,45.84980557281154,rs11711206,SLC2A2
Calcium,3,32535382,C,T,-0.03468,0.00443,5.01187e-15,0.0984095,2.134197100034101e-4,89.78455892051193,rs2303857,DYNC1LI1
Calcium,3,50181135,G,A,0.01349,0.002416,2.33884e-8,0.493042,9.09724293167718e-5,38.26693986926324,rs10049087,RBM6
Calcium,3,58398215,C,A,-0.03045,0.00426,8.91251e-13,0.0854871,1.4497563184764795e-4,60.98631716314477,rs9864325,PXK
Calcium,3,88332159,G,A,-0.01825,0.003243,1.83231e-8,0.831014,9.354375509793948e-5,39.34865193362875,rs6551304,CSNKA2IP
Calcium,4,100239319,C,T,-0.0135,0.002758,9.84011e-7,0.260437,7.020618791179948e-5,29.531146935893453,rs1800804,MTTP
Calcium,4,100445786,G,A,0.03254,0.006183,1.41579e-7,0.0159046,3.31455359462933e-5,13.941640249828744,rs3792683,MTTP
Calcium,4,103188709,C,T,-0.01439,0.002546,1.59221e-8,0.360835,9.551536184227016e-5,40.178076391172674,rs13103835,SLC39A8
Calcium,4,103545487,C,A,0.01619,0.00304,1.00693e-7,0.204771,8.536588629119719e-5,35.90838395453056,rs9994654,SLC9B1
Calcium,4,3443931,T,A,0.0275,0.002753,1.6982400000000002e-23,0.249503,2.8321752014888744e-4,119.1564522571408,rs62275880,DOK7
Calcium,4,69373407,G,A,0.0288,0.002792,5.88844e-25,0.187873,2.531064956016845e-4,106.484809579534,rs976002,TMPRSS11E
Calcium,4,69373407,G,A,0.0288,0.002792,5.88844e-25,0.187873,2.531064956016845e-4,106.484809579534,rs976002,TMPRSS11E
Calcium,4,7225613,G,A,0.01415,0.002614,6.20869e-8,0.706759,8.299251293618395e-5,34.909963169093565,rs4689637,SORCS2
Calcium,4,74222782,G,A,0.04093,0.007569,6.36796e-8,0.0308151,1.0006534695775496e-4,42.0921972274863,rs114092995,ALB
Calcium,4,81164723,T,A,-0.01863,0.002656,2.29087e-12,0.264414,1.3501238418576572e-4,56.794551818303745,rs10857147,FGF5
Calcium,4,8224276,C,T,-0.01635,0.00276,3.14775e-9,0.277336,1.071539481968381e-4,45.07431627228193,rs7660416,SH3TC1
Calcium,5,122848876,C,T,0.01778,0.002821,2.95801e-10,0.26839,1.2414792702106873e-4,52.22372231156291,rs11746044,CSNK1G3
Calcium,5,131638817,C,T,-0.01652,0.003048,6.03949e-8,0.201789,8.791546513578736e-5,36.98093540957554,rs1016988,AC116366.1
Calcium,5,147829177,C,T,0.01444,0.00267,6.36796e-8,0.258449,7.992456166909466e-5,33.619357273223216,rs2112761,FBXO38
Calcium,5,156217107,C,T,0.0299,0.005315,1.84077e-8,0.0675944,1.126906705024301e-4,47.40360141030177,rs17665136,SGCD
Calcium,5,156399039,C,T,0.04715,0.002495,1.25893e-79,0.647117,0.00101532933899484,427.4866363518418,rs6882076,TIMD4
Calcium,5,161179919,G,T,-0.01401,0.002727,2.76694e-7,0.262425,7.598321405347387e-5,31.961348272928635,rs35222237,GABRA6
Calcium,5,39557336,C,T,0.01614,0.002523,1.58855e-10,0.346918,1.18040653312075e-4,49.65435021826486,rs1501702,DAB2
Calcium,5,52095024,G,T,-0.04485,0.006049,1.23027e-13,0.0308151,1.2015036957786832e-4,50.541918826525496,rs1499279,ITGA1
Calcium,5,71953629,C,T,-0.02038,0.003006,1.20226e-11,0.198807,1.323144186799561e-4,55.65947061938198,rs2910664,TNPO1
Calcium,5,74316685,C,T,0.05022,0.00796,2.79254e-10,0.0188867,9.346707619160694e-5,39.316394369999,rs62369189,GCNT4
Calcium,5,74656539,G,A,0.07304,0.002432,3.98107e-198,0.432406,0.00261867156336287,1104.3181995743696,rs3846662,HMGCR
Calcium,6,116316882,C,T,-0.01945,0.002557,2.88403e-14,0.289264,1.5555067791249793e-4,65.43557143088186,rs1933737,FRK
Calcium,6,127172542,C,T,-0.01511,0.002836,9.84011e-8,0.2167,7.7507898560862e-5,32.60273664379596,rs9401907,RSPO3
Calcium,6,130389211,G,A,0.01368,0.002439,2.03236e-8,0.583499,9.09616553083873e-5,38.26240744290133,rs9321207,L3MBTL3
Calcium,6,135418916,C,T,-0.01997,0.002773,5.88844e-13,0.260437,1.5362573895634987e-4,64.625682101904,rs9399136,HBS1L
Calcium,6,145105537,G,A,-0.01355,0.002461,3.63078e-8,0.405567,8.852666581728173e-5,37.23805483691402,rs4243475,UTRN
Calcium,6,160514283,C,A,0.03613,0.004128,2.0893e-18,0.082505,1.9762864528059617e-4,83.14002719918912,rs76686939,MAS1
Calcium,6,161101923,G,A,-0.03449,0.007016,8.8308e-7,0.0357853,8.209085803742081e-5,34.53065999633708,rs8191856,IGF2R
Calcium,6,160564476,C,T,0.04006,0.003202,6.45654e-36,0.163022,4.379375104053117e-4,184.2794094298108,rs1564348,SLC22A1
Calcium,6,161092438,G,A,-0.04298,0.0058,1.25893e-13,0.0437376,1.545236101952223e-4,65.00344763356495,rs7757997,SLC22A2
Calcium,6,160985526,G,A,0.08809,0.004472,2.2908699999999997e-86,0.0735586,0.00105763210303984,445.3163315473277,rs10455872,LPA
Calcium,6,16131156,C,T,-0.02622,0.002616,1.23027e-23,0.33996,3.085271920169971e-4,129.80812893583064,rs6459450,MYLIP
Calcium,6,26104632,G,C,-0.02132999999999999,0.003377,2.69774e-10,0.171968,1.2957059937872606e-4,54.505104210710854,rs1799945,HFE
Calcium,6,26098474,C,T,-0.06642,0.004648,2.5703999999999997e-46,0.0437376,3.6902837973295784e-4,155.27248160988634,rs115740542,H2BC4
Calcium,6,27217236,G,T,0.01985,0.002784,1e-12,0.310139,1.6860443481108258e-4,70.9278270499075,rs6902268,PRSS16
Calcium,6,30062345,C,T,-0.0165,0.002594,2.00447e-10,0.686879,1.1710901233097552e-4,49.262405203088335,rs3128851,"OR11A1,OR5V1"
Calcium,6,29850784,G,A,0.02794,0.002866,1.86209e-22,0.261431,3.0146087708889807e-4,126.834187753461,rs1264708,RNF39
Calcium,6,29850784,G,A,0.02794,0.002866,1.86209e-22,0.261431,3.0146087708889807e-4,126.834187753461,rs1264708,RNF39
Calcium,6,31542476,G,C,0.02225,0.003334,2.51189e-11,0.146123,1.2353895456589887e-4,51.967521998528966,rs2009658,LTA
Calcium,6,31324194,G,A,-0.04564,0.003607,1.09648e-36,0.0795229,3.049484743136687e-4,128.30197853130517,rs3135394,HLA-DRA
Calcium,6,32501811,C,T,-0.02678,0.002774,4.67735e-22,0.249503,2.6858136301110137e-4,112.9970130810738,rs3129890,HLA-DRA
Calcium,6,32469068,T,A,0.01912,0.003235,3.37287e-9,0.815109,1.1018874364512512e-4,46.35104388415009,rs9269911,HLA-DRB1
Calcium,6,32632859,C,T,0.05525,0.003343,2.3988300000000006e-61,0.244533,0.00112784010779314,474.9108119997332,rs1130432,HLA-DQB1
Calcium,6,32805470,G,T,-0.01245,0.002423,2.77332e-7,0.431412,7.604288921779128e-5,31.986451761656884,rs4713598,AL669918.1
Calcium,6,31289535,G,C,-0.01441,0.002469,5.33335e-9,0.380716,9.791493631491929e-5,41.18754466454942,rs2857218,PSMB9
Calcium,6,34603691,G,A,-0.04429,0.004172,2.45471e-26,0.0785288,2.838912999334471e-4,119.44000818769598,rs11754773,ILRUN
Calcium,6,34603691,G,A,-0.04429,0.004172,2.45471e-26,0.0785288,2.838912999334471e-4,119.44000818769598,rs11754773,ILRUN
Calcium,6,35395618,C,A,-0.0205,0.003694,2.85102e-8,0.894632,7.923022383612802e-5,33.327268823563365,rs2395617,DEF6
Calcium,6,37025436,G,A,-0.01756,0.002416,3.63078e-13,0.557654,1.5212687530966005e-4,63.995059758095806,rs913499,FGD2
Calcium,6,39242061,C,A,0.01502,0.002656,1.53815e-8,0.291252,9.31387968896132e-5,39.17829268480061,rs4711589,KCNK5
Calcium,7,100528223,C,T,0.02292,0.003082,1.02329e-13,0.189861,1.6160490036203323e-4,67.9828154728938,rs314370,SLC12A9
Calcium,7,1074134,G,C,-0.01913,0.002911,4.89779e-11,0.227634,1.2868271441131984e-4,54.131558890906575,rs10247470,"C7orf50,GPR146"
Calcium,7,17822181,G,T,-0.01299,0.002599,5.72796e-7,0.323062,7.380453853235571e-5,31.044849180169024,rs2254407,SNX13
Calcium,7,21499828,G,A,0.01253,0.002447,3.06196e-7,0.412525,7.609774728037385e-5,32.00952884789847,rs6947410,SP4
Calcium,7,21598753,C,A,0.0306,0.002864,1.20226e-26,0.204771,3.0495342059349043e-4,128.30406023076844,rs59509802,DNAH11
Calcium,7,28189083,G,A,0.01462,0.002627,2.61216e-8,0.73161,8.394033618100152e-5,35.30868892262842,rs1708299,JAZF1
Calcium,7,36188434,C,T,0.0138,0.002456,1.92309e-8,0.392644,9.083023964687232e-5,38.207123308839094,rs34578041,EEPD1
Calcium,7,44582331,C,T,0.03893,0.003106,4.7863e-36,0.195825,4.773286542613549e-4,200.86269614603984,rs17725246,NPC1L1
Calcium,7,6440437,G,A,0.01795,0.002415,1.04713e-13,0.440358,1.5880899304927758e-4,66.80646598908432,rs836556,DAGLB
Calcium,7,73019074,C,T,-0.03262,0.005929,3.75837e-8,0.949304,1.0241814698067915e-4,43.08199708911865,rs799157,MLXIPL
Calcium,7,87131423,G,C,-0.01745,0.003119,2.22331e-8,0.190855,9.404825785261988e-5,39.560888126708605,rs2888611,ABCB4
Calcium,8,116659578,G,A,-0.02038,0.002539,1e-15,0.322068,1.8137276153416536e-4,76.30012913020339,rs2737247,TRPS1
Calcium,8,126500031,G,A,-0.05955,0.002413,1.99526e-134,0.449304,0.00175487317043753,739.4059935920968,rs2980860,TRIB1
Calcium,8,145051484,G,A,0.01705,0.002469,5.01187e-12,0.392644,1.386503767115359e-4,58.32512849779352,rs11136343,PARP10
Calcium,8,18272881,G,A,0.02428,0.003399,9.12011e-13,0.149105,1.4958758100684725e-4,62.926697561854006,rs10103029,NAT2
Calcium,8,41540622,C,T,-0.03901,0.006309,6.30957e-10,0.0248509,7.375560712966248e-5,31.024265350298347,rs6474359,ANK1
Calcium,8,55422440,G,A,0.02728,0.002953,2.4547099999999994e-20,0.171968,2.1194027271905609e-4,89.16203543310445,rs9298506,RP1
Calcium,8,59393273,C,T,-0.03492,0.002543,6.6069299999999996e-43,0.635189,5.651312969859841e-4,237.8314551675127,rs2081687,CYP7A1
Calcium,8,61306938,G,C,0.01799,0.002501,6.30957e-13,0.384692,1.5321385462204308e-4,64.45238832215887,rs6995041,CA8
Calcium,8,6563868,C,T,0.0153,0.002581,3.11172e-9,0.686879,1.006943937430966e-4,42.35683057569084,rs2928617,AGPAT5
Calcium,8,9183358,G,A,0.08946,0.0041660000000000004,2.51189e-102,0.926441,0.00109079054947218,459.29295147165215,rs4841132,PPP1R3B
Calcium,8,9226095,T,A,0.01966,0.002603,4.2658e-14,0.309145,1.6509965073798703e-4,69.45320529858846,rs1993598,TNKS
Calcium,9,107563603,G,A,0.03943,0.004052,2.23872e-22,0.902584,2.734018654029961e-4,115.02563982232378,rs2777798,ABCA1
Calcium,9,107589744,T,A,0.04638,0.003305,9.77237e-45,0.158052,5.725016592462258e-4,240.93499607228068,rs4149310,ABCA1
Calcium,9,107647019,C,A,0.0155,0.002493,5.10505e-10,0.390656,1.14380088983552e-4,48.114340649491766,rs2487054,ABCA1
Calcium,9,107661742,C,T,-0.06093,0.003729,5.01187e-60,0.126243,8.190121158006873e-4,344.76295600439494,rs13284054,ABCA1
Calcium,9,131466489,G,A,-0.0213,0.003554,2.06063e-9,0.149105,1.1512174959593546e-4,48.42635841590583,rs13284665,ZER1
Calcium,9,136149711,C,T,0.05899,0.002974,1.47911e-87,0.213718,0.00116951614893955,492.4803034926896,rs579459,ABO
Calcium,9,15303583,C,T,0.01783,0.002735,7.07946e-11,0.755467,1.174588261647058e-4,49.40957316947187,rs641579,TTC39B
Calcium,9,19313913,C,T,0.03047,0.004186,3.38844e-13,0.106362,1.7649118827172395e-4,74.24618003956826,rs10117525,DENND4C
Calcium,9,22081850,G,T,-0.02548,0.002407,3.46737e-26,0.497018,3.246036536658651e-4,136.5742522514087,rs1537373,AL359922.1
Calcium,9,78730766,C,T,-0.01422,0.002483,1.02802e-8,0.593439,9.75732989078027e-5,41.04382216824509,rs1571791,PCSK5
