Gene,Diet,nsnps,hit1,hit2,PP.H0.abf,PP.H1.abf,PP.H2.abf,PP.H3.abf,PP.H4.abf,idx1,idx2
Ap3s1,Additive,1784,18_46410922_G_A,18_51956350_C_E,6.6097304637936e-16,2.187956169869293e-10,3.020951067780902e-6,0.9999966806345124,2.981956215258394e-7,1,3
Ap3s1,Additive,1784,18_46410922_G_A,18_48911917_G_G,4.2415990154487905e-19,1.4040561543013772e-13,3.020951895499696e-6,0.9999969551750311,2.3872930109433142e-8,1,2
Ap3s1,Additive,1784,18_46410922_G_A,18_48885904_G_A,4.104129146608036e-27,1.3585508119354764e-21,2.944857122755149e-6,0.9747575477891044,0.02523950735377603,1,8
Ap3s1,Additive,1784,18_46410922_G_A,18_51482837_C_A,1.8799680082843227e-37,6.223079179119436e-32,3.020854589461622e-6,0.9999646803334599,3.2298811953317544e-5,1,4
Ap3s1,Additive,1784,18_46410922_G_A,18_43938422_G_A,2.218566863698642e-11,7.343910745357408e-6,3.020030323450643e-6,0.9996912993246686,2.983367120763734e-4,1,7
Ap3s1,Additive,1784,18_46410922_G_A,18_46225204_G_H,8.299374230488314e-26,2.747262865425394e-20,3.0209518436208445e-6,0.999996937967657,4.108049785073737e-8,1,1
Ap3s1,Additive,1784,18_46410922_G_A,18_46393259_G_C,1.2011359414860785e-16,3.976005993620941e-11,3.020951548013621e-6,0.9999968399196015,1.3908908805891563e-7,1,5
Asap2,Additive,104,12_19253399_E_G,12_21255988_E_F,0.08379318914608264,0.05800131744777026,0.4996698119966178,0.3458441043307728,0.012691577078756707,1,3
Asap2,Additive,104,12_19253399_E_G,12_21095056_E_A,4.609371830233026e-64,3.190589133611656e-64,0.586674439760243,0.40607925756451546,0.0072463026752402114,1,1
Asap2,Additive,104,12_19253399_E_G,12_21760760_E_C,5.676881408627597e-4,3.9295150841092886e-4,0.5854619533119992,0.40523779256876613,0.008339614469961,1,2
Asap2,Additive,104,12_19253399_E_G,12_19253399_E_D,0.36149945946407724,0.25022851044634736,0.21454434650397244,0.14845621369538034,0.025271469890222588,1,4
Asap2,Additive,104,12_19253399_E_G,12_22752486_E_B,0.3228120682387136,0.22344924971459015,0.25912677819037455,0.1793359894641546,0.015275914392167108,1,5
Cdo1,Additive,720,18_46410922_G_A,18_44532060_G_H,4.45157240631992e-99,9.926817573108647e-98,0.0428951408768453,0.9565423148264969,5.625442966490493e-4,1,7
Cdo1,Additive,720,18_46410922_G_A,18_44532060_G_G,6.733340213025946e-169,1.5015062960111124e-167,0.04289460842490555,0.9565304165126587,5.749750624363625e-4,1,4
Cdo1,Additive,720,18_46410922_G_A,18_48359224_G_B,6.16077673493719e-116,1.3738270699483711e-114,0.04289096715508099,0.9564490477205557,6.599851243800144e-4,1,6
Cdo1,Additive,720,18_46410922_G_A,18_46680426_G_H,0,0,0.042854422233327735,0.9556324050973756,0.001513172669311141,1,8
Cdo1,Additive,720,18_46410922_G_A,18_47940276_G_A,1.4997067115293518e-68,3.344282329853369e-67,0.006152338901616863,0.13547780718437605,0.8583698539140067,1,10
Cdo1,Additive,720,18_46410922_G_A,18_44532060_G_F,1.4511963431165064e-210,3.23610626672688e-209,0.04288448449605423,0.9563041844832407,8.113310207299276e-4,1,1
Cdo1,Additive,720,18_46410922_G_A,18_46410922_G_D,9.504575266939871e-144,2.1194799538887826e-142,0.04287459557759693,0.9560832040591037,0.001042200363325468,1,5
Cdo1,Additive,720,18_46410922_G_A,18_47321011_G_C,1.3289857605818179e-160,2.9635818534200467e-159,0.042898376897120824,0.956614627803525,4.869952993396199e-4,1,2
Cdo1,Additive,720,18_46410922_G_A,18_44933913_G_A,4.114310874410385e-62,9.174738667924484e-61,0.042555155071028174,0.9489449008228995,0.008499944106074872,1,3
Dcp2,Additive,720,18_46410922_G_A,18_47331886_G_E,2.2590462712546037e-16,5.037577327085332e-15,0.04289263956949939,0.956486419941689,6.209404888055179e-4,1,3
Dcp2,Additive,720,18_46410922_G_A,18_45622961_G_E,6.183697581641736e-27,1.3789383215037389e-25,0.04289733294388354,0.9565912993444817,5.11367711632126e-4,1,2
Dcp2,Additive,720,18_46410922_G_A,18_47321011_G_B,0.005949444375767051,0.13267008505972172,0.03682209260879846,0.8211101440383893,0.00344823391732349,1,5
Dcp2,Additive,720,18_46410922_G_A,18_44933913_G_A,1.2092696836801767e-10,2.6966200818258325e-9,0.0425204293518568,0.9481689105942409,0.009310657236355942,1,1
Dcp2,Additive,720,18_46410922_G_A,18_48244995_G_F,0.01821633027579854,0.4062164354389124,0.024330367398993257,0.5425394741393531,0.00869739274694293,1,6
Dcp2,Additive,720,18_46410922_G_A,18_47143884_G_G,0.020034355218435527,0.4467576202195916,0.022471758861803092,0.5010913974699543,0.009644868230215504,1,7
Dcp2,Additive,720,18_46410922_G_A,18_46828519_G_H,0.001582963682736008,0.035299418428121725,0.041238076852180984,0.9195870302833787,0.0022925107535821804,1,4
Dmxl1,Additive,720,18_46410922_G_A,18_44933913_G_C,0.01212718470586624,0.270431073028529,0.030619144882946394,0.6827858648432706,0.004036732539387459,1,5
Dmxl1,Additive,720,18_46410922_G_A,18_44940220_G_E,3.38357720609632e-5,7.545233594709567e-4,0.04286035642709003,0.9557665920608441,5.846923805337728e-4,1,3
Dmxl1,Additive,720,18_46410922_G_A,18_48244995_G_G,1.0290211013600253e-17,2.294673391716202e-16,0.04288705818851744,0.9563616969053051,7.512449061750554e-4,1,1
Dmxl1,Additive,720,18_46410922_G_A,18_47422415_G_A,4.991395225902482e-7,1.1130599554547375e-5,0.005729517812558169,0.1260293570304759,0.868229495417889,1,2
Dusp22,Additive,576,13_30180778_E_C,13_31716878_F_G,2.815760758642794e-14,7.141080855142759e-10,3.94288882987856e-5,0.9999602356744086,3.347231548871594e-7,1,1
Fem1c,Additive,720,18_46410922_G_A,18_47171356_G_B,0.009528308746740677,0.21247724191763628,0.033208460858475806,0.7405260659966624,0.004259922480484875,1,1
Kcnn2,Additive,720,18_46410922_G_A,18_46277823_G_A,7.619520188967251e-23,1.699120670330201e-21,0.035278826148505874,0.7863461031525278,0.1783750706989687,1,6
Kcnn2,Additive,720,18_46410922_G_A,18_45630626_G_H,1.3830837998745432e-14,3.084218185507807e-13,0.04287554442725801,0.9561044073081215,0.0010200482642966841,1,4
Kcnn2,Additive,720,18_46410922_G_A,18_45411909_G_C,2.6511570953468136e-16,5.9119678264241275e-15,0.04288950761636271,0.956416432476887,6.940599067419565e-4,1,3
Kcnn2,Additive,720,18_46410922_G_A,18_46874010_G_F,1.02820343439477e-18,2.2928500290796535e-17,0.042886524442880894,0.9563497696821535,7.637058749641006e-4,1,2
Kcnn2,Additive,720,18_46410922_G_A,18_44940220_G_E,5.261401124956167e-9,1.1732701252312397e-7,0.04289597091043042,0.9565608632252939,5.430432758607937e-4,1,5
Kcnn2,Additive,720,18_46410922_G_A,18_46874010_G_D,2.721219630499052e-21,6.068204306859265e-20,0.04281067295410898,0.9546547719701031,0.002534555075791381,1,1
Kcnn2,Additive,720,18_46410922_G_A,18_44532060_G_B,0.02203060882157024,0.49127322850183774,0.020526350474283698,0.45771199001292806,0.008457822189379969,1,8
Lpin,Additive,872,12_17228235_A_G,12_14752186_A_E,8.564583783982039e-43,1.9065719725418896e-42,0.30852228166420337,0.6867956809359882,0.004682037399809142,1,8
Lpin,Additive,872,12_17228235_A_G,12_17150836_A_E,1.9925403871962845e-60,4.435617365891329e-60,0.30669821140467185,0.6827233039892743,0.010578484606052915,1,2
Lpin,Additive,872,12_17228235_A_G,12_18085651_E_H,3.434790001070561e-49,7.646226031270724e-49,0.308600292132073,0.6869698452968713,0.0044298625710513795,1,9
Lpin,Additive,872,12_17228235_A_G,12_17275794_E_G,2.7443963749166014e-55,6.1093327380922596e-55,0.024777424361401398,0.053313494827218276,0.9219090808113872,1,5
Lpin,Additive,872,12_17228235_A_G,12_16645571_E_B,1.7964304503285976e-22,3.9990547510586316e-22,0.30814788430546863,0.6859598100781358,0.005892305616392591,1,7
Lpin,Additive,872,12_17228235_A_G,12_16006017_A_C,7.284319332408065e-97,1.6215708116707924e-96,0.30645656746732686,0.6821838153403997,0.011359617192278012,1,4
Lpin,Additive,872,12_17228235_A_G,12_17126144_A_A,1.694311184088567e-51,3.7717258629532693e-51,0.30838690958605464,0.6864934523746749,0.0051196380392726825,1,3
Lpin,Additive,872,12_17228235_A_G,12_15815186_A_F,2.0009225333782012e-22,4.454276959145649e-22,0.3085552558253176,0.6868692982831589,0.004575445891522691,1,6
Lpin,Additive,872,12_17228235_A_G,12_15859788_A_A,4.5104034872670184e-35,1.0040661742093748e-34,0.30869895664666686,0.6871901214033332,0.004110921950000437,1,10
Lpin,Additive,872,12_17228235_A_G,12_15070250_A_H,5.934706272404737e-59,1.3211318762970435e-58,0.30069139861098926,0.6693126330919819,0.02999596829704151,1,1
Mcc,Additive,720,18_46410922_G_A,18_44532060_G_E,8.939539541533723e-25,1.9934793847318205e-23,0.042897223036978495,0.9565888433353029,5.139336277158759e-4,1,3
Mcc,Additive,720,18_46410922_G_A,18_46393259_G_A,8.619541041371012e-83,1.9221210770409228e-81,0.011480154361164691,0.2545346004047479,0.7339852452340975,1,9
Mcc,Additive,720,18_46410922_G_A,18_46085200_G_A,3.096611845056924e-137,6.905313016355145e-136,0.0323098628447742,0.7200008528684168,0.2476892842867887,1,7
Mcc,Additive,720,18_46410922_G_A,18_45411909_G_F,3.8882831505836797e-41,8.670706434795648e-40,0.04288878398087241,0.9564002619241335,7.109540949911537e-4,1,6
Mcc,Additive,720,18_46410922_G_A,18_45411909_G_G,7.032701787731474e-81,1.568262656893381e-79,0.042895029360796824,0.9565398228589759,5.65147780232624e-4,1,1
Mcc,Additive,720,18_46410922_G_A,18_47956385_G_H,5.782842789564941e-26,1.2895494038124552e-24,0.04279508140745083,0.9543063590867019,0.002898559505849513,1,10
Mcc,Additive,720,18_46410922_G_A,18_48244995_G_B,9.466507093416436e-23,2.110990912727205e-21,0.04289053010250489,0.956439281226452,6.701886710406565e-4,1,4
Mcc,Additive,720,18_46410922_G_A,18_44933913_G_D,4.9914516322194895e-47,1.113072533824086e-45,0.04289282408713447,0.9564905432222572,6.166326906120936e-4,1,2
Mcc,Additive,720,18_46410922_G_A,18_44952833_G_H,4.321065748609856e-40,9.635793264187136e-39,0.04288527609085911,0.9563218736730618,7.928502360746062e-4,1,8
Mcc,Additive,720,18_46410922_G_A,18_46828519_G_C,1.0454053512801419e-19,2.331209573807363e-18,0.04289816490915088,0.9566098906634803,4.919444273658884e-4,1,5
Mvk,Additive,608,5_123629774_B_E,5_123106581_B_E,3.481864798933584e-17,1.1346645675559679e-9,4.897470763621378e-9,0.1579138266406204,0.8420861673272444,1,1
Mvk,Additive,608,5_123908181_B_H,5_123106581_B_E,2.410832306902596e-9,4.6673044629614594e-9,0.33909934534694036,0.6564780798961432,0.004422567678781203,2,1
Mvk,Additive,608,5_123629774_B_E,5_122044155_B_F,4.920511964778396e-10,0.01603488619770426,3.018752422772157e-8,0.9837458037975698,2.1927932514978935e-4,1,3
Mvk,Additive,608,5_123908181_B_H,5_122044155_B_F,0.005227428800535481,0.01012015713440425,0.3207047044990999,0.6207890934363867,0.0431586161295736,2,3
Mvk,Additive,608,5_123629774_B_E,5_125070300_H_A,2.348221869788643e-15,7.652348113072212e-8,3.068628845663831e-8,0.9999998917862373,1.0039919330115281e-9,1,2
Mvk,Additive,608,5_123908181_B_H,5_125070300_H_A,2.5947036614619255e-8,5.023274304284894e-8,0.33907283651302833,0.6564266036972521,0.004500483609939018,2,2
Mvk,Additive,608,5_123629774_B_E,5_121817037_B_B,6.74844238750719e-9,0.2199171681118245,2.3829322314485782e-8,0.776539081365949,0.003543719944461956,1,4
Mvk,Additive,608,5_123908181_B_H,5_121817037_B_B,0.07426249951725451,0.1437701388168595,0.26222718299439834,0.5076403517109186,0.012099826960568936,2,4
Mvk,HFD,608,5_123629774_B_E,5_123106581_B_E,2.9844707811068166e-17,1.3134599128624086e-9,4.197853517985406e-9,0.1831129606246275,0.8168870338640583,1,1
Mvk,HFD,608,5_125050278_H_H,5_123106581_B_E,7.925669802111301e-12,7.101516774866677e-9,0.0011147973393408413,0.9988748003378621,1.0395213356295042e-5,2,1
Mvk,HFD,608,5_121660329_B_A,5_123106581_B_E,9.867226483659272e-11,7.009884140226076e-9,0.013878899960892376,0.985985820691604,1.3527223894783377e-4,3,1
Mvk,HFD,608,5_123629774_B_E,5_122044155_B_F,3.6434945953836545e-10,0.01603495039744533,2.2352975088572882e-8,0.9837497504814365,2.1527640379284175e-4,1,3
Mvk,HFD,608,5_125050278_H_H,5_122044155_B_F,1.7870430927254116e-5,0.016012169087612646,0.0010963575953840878,0.9823514949725421,5.221079135340597e-4,2,3
Mvk,HFD,608,5_121660329_B_A,5_122044155_B_F,2.2189639546984222e-4,0.015763984195085925,0.013613426534146466,0.9671197416630389,0.0032809512122585916,3,3
Mvk,HFD,608,5_123629774_B_E,5_125070300_H_A,1.7387823800325007e-15,7.652348174496805e-8,2.272220455974201e-8,0.999999899813259,9.410494353817805e-10,1,2
Mvk,HFD,608,5_125050278_H_H,5_125070300_H_A,8.530808182457104e-11,7.643729668721632e-8,0.0011147960251247087,0.9988736205574964,1.1506894774734611e-5,2,2
Mvk,HFD,608,5_121660329_B_A,5_125070300_H_A,1.042211113277843e-9,7.404085804488758e-8,0.013619492802712296,0.9675195421966442,0.01886088991757272,3,2
Mvk,HFD,608,5_123629774_B_E,5_121817037_B_B,4.997288371184158e-9,0.2199297104905699,1.7645848991142784e-8,0.7765834834418864,0.003486783424405526,1,4
Mvk,HFD,608,5_125050278_H_H,5_121817037_B_B,2.4424517033244214e-4,0.21884726686872039,8.624504075759279e-4,0.7727536720615886,0.0072923654917823166,2,4
Mvk,HFD,608,5_121660329_B_A,5_121817037_B_B,0.0029787490017170884,0.21161656134508072,0.010518215312509939,0.7471806107229468,0.02770586361774556,3,4
Scarb1,Additive,1592,5_117508066_B_E,5_116982970_E_F,0,0,0.005861213975395147,0.9940779879846834,6.07980401399564e-5,1,6
Scarb1,Additive,1592,5_119966039_D_A,5_116982970_E_F,0,0,0.23292402375278615,0.7639522549063441,0.0031237213410672546,2,6
Scarb1,Additive,1592,5_117508066_B_E,5_117318653_B_G,0,0,0.00586120554905834,0.994076555974332,6.223847664350884e-5,1,7
Scarb1,Additive,1592,5_119966039_D_A,5_117318653_B_G,0,0,0.23290844363507343,0.7639010206519846,0.003190535713081953,2,7
Scarb1,Additive,1592,5_117508066_B_E,5_116982970_E_G,0,0,0.005861056024381592,0.9940511450507874,8.779892496011302e-5,1,8
Scarb1,Additive,1592,5_119966039_D_A,5_116982970_E_G,0,0,0.23267514643756285,0.7631338372286973,0.004191016333701814,2,8
Scarb1,Additive,1592,5_117508066_B_E,5_117318653_B_F,0,0,0.005861169591713879,0.99407044521464,6.838519382228277e-5,1,10
Scarb1,Additive,1592,5_119966039_D_A,5_117318653_B_F,0,0,0.23286575796463208,0.7637606514609133,0.0033735905742726486,2,10
Scarb1,Additive,1592,5_117508066_B_E,5_117526087_B_G,9.882291940229081e-244,1.6760640596812583e-241,0.005861220953270663,0.9940791738365771,5.960521019131702e-5,1,9
Scarb1,Additive,1592,5_119966039_D_A,5_117526087_B_G,3.92585095654973e-242,1.2876246807383283e-241,0.23284355517039657,0.763687638943854,0.0034688058857096607,2,9
Scarb1,Additive,1592,5_117508066_B_E,5_120726572_B_E,8.356268608334147e-88,1.4172462797275473e-85,0.005769756054568675,0.9785352030405317,0.01569504090488806,1,1
Scarb1,Additive,1592,5_119966039_D_A,5_120726572_B_E,3.339434020748143e-86,1.0952880566285744e-85,0.23057803145326733,0.756237604155775,0.01318436439095968,2,1
Scarb1,Additive,1592,5_117508066_B_E,5_120624583_B_C,2.0914965414128443e-112,3.5472360108482715e-110,0.005861215016964961,0.994078164993184,6.061998987419351e-5,1,2
Scarb1,Additive,1592,5_119966039_D_A,5_120624583_B_C,8.309555633983507e-111,2.725419033658229e-110,0.23286719008059859,0.7637653608859684,0.0033674490334328587,2,2
Scarb1,Additive,1592,5_117508066_B_E,5_120343935_E_F,1.0429995905046628e-81,1.7689561677395277e-79,0.005860907143024081,0.9940258434620246,1.1324939494933226e-4,1,5
Scarb1,Additive,1592,5_119966039_D_A,5_120343935_E_F,4.1359636989402205e-80,1.3565387469711648e-79,0.2324113969659192,0.7622665133855483,0.005322089648520412,2,5
Scarb1,Additive,1592,5_117508066_B_E,5_120845230_B_A,3.3555734621889245e-104,5.691145448456091e-102,0.005861183929495719,0.9940728818439184,6.593422659704158e-5,1,3
Scarb1,Additive,1592,5_119966039_D_A,5_120845230_B_A,3.6209416799429333e-103,1.1876186656628696e-102,0.06324702893042448,0.2059799394529669,0.7307730316166048,2,3
Scarb1,Additive,1592,5_117508066_B_E,5_117406547_B_E,4.343670993917147e-59,7.366986205242111e-57,3.102134037032973e-4,0.05071510233275865,0.9489746842635287,1,4
Scarb1,Additive,1592,5_119966039_D_A,5_117406547_B_E,3.2608082451756843e-56,1.0694998924089445e-55,0.23287823271520539,0.7638016739077039,0.003320093377089917,2,4
Serpin6b6,Additive,1496,13_30180778_E_C,13_35826488_A_C,1.8351931963610445e-262,3.8625523857766003e-252,4.7512448064729336e-11,0.999999999947704,4.734431216947031e-12,1,3
Serpin6b6,Additive,1496,13_35016002_A_B,13_35826488_A_C,4.640482060493555e-255,3.8577810809011014e-252,0.001201403009403552,0.9987646595383374,3.393745220301038e-5,3,3
Serpin6b6,Additive,1496,13_29359327_E_E,13_35826488_A_C,1.527541719759995e-256,3.86239568784661e-252,3.954746931860667e-5,0.9999594294082795,1.0231223465232493e-6,2,3
Serpin6b6,Additive,1496,13_30180778_E_C,13_35471933_A_C,1.823267355959509e-195,3.837451931292418e-185,4.7512448064094656e-11,0.9999999999344027,1.8065345367209365e-11,1,4
Serpin6b6,Additive,1496,13_35016002_A_B,13_35471933_A_C,4.6103444755817174e-188,3.832726743144743e-185,0.0012014077460317711,0.9987686051495696,2.99871043829506e-5,3,4
Serpin6b6,Additive,1496,13_29359327_E_E,13_35471933_A_C,1.5176153301869629e-189,3.837296769901209e-185,3.954747465921462e-5,0.9999595647165113,8.878088570121855e-7,2,4
Serpin6b6,Additive,1496,13_30180778_E_C,13_30635597_E_C,7.386999844874656e-18,1.554750417074893e-7,1.0707520123019573e-11,0.22381003715388303,0.7761898073603681,1,2
Serpin6b6,Additive,1496,13_35016002_A_B,13_30635597_E_C,8.288500894145813e-10,6.890495754888951e-7,0.0012014253685859947,0.9987832861191072,1.4598633880106629e-5,3,2
Serpin6b6,Additive,1496,13_29359327_E_E,13_30635597_E_C,2.728336136963916e-11,6.898609441620799e-7,3.954746812289716e-5,0.9999594004967479,3.621469011458067e-7,2,2
Serpin6b6,Additive,1496,13_30180778_E_C,13_28308358_G_B,2.6636543453094597e-14,5.606224165804764e-4,4.7485568358264243e-11,0.9994342493947972,5.128141108986545e-6,1,6
Serpin6b6,Additive,1496,13_35016002_A_B,13_28308358_G_B,6.735093259993767e-7,5.599098330259746e-4,0.001200680305835861,0.9981637709035929,7.49654482189598e-5,3,6
Serpin6b6,Additive,1496,13_29359327_E_E,13_28308358_G_B,2.217120227458701e-8,5.605997856032259e-4,3.952510366252078e-5,0.9993939029962843,5.949943246973209e-6,2,6
Serpin6b6,Additive,1496,13_30180778_E_C,13_31060056_E_H,1.5652332358067192e-13,0.0032943645286231545,4.735436757064752e-11,0.996672795791892,3.283963197515304e-5,1,8
Serpin6b6,Additive,1496,13_35016002_A_B,13_31060056_E_H,3.894649441229656e-6,0.0032377465821989524,0.0011782822967195139,0.9795116029034631,0.016068473568177644,3,8
Serpin6b6,Additive,1496,13_29359327_E_E,13_31060056_E_H,1.302834215635546e-7,0.003294221814930597,3.9415780932497455e-5,0.9966296118111972,3.662030951849008e-5,2,8
Serpin6b6,Additive,1496,13_30180778_E_C,13_28308358_G_D,6.619684090808598e-22,1.393252581185527e-11,4.751244806426818e-11,0.9999999999380549,5.001297739444057e-13,1,7
Serpin6b6,Additive,1496,13_35016002_A_B,13_28308358_G_D,1.6738952335060398e-14,1.391562617644004e-11,0.0012014298455331127,0.9987870140334141,1.1556107120253315e-5,3,7
Serpin6b6,Additive,1496,13_29359327_E_E,13_28308358_G_D,5.509964967512399e-16,1.3931969683977221e-11,3.9547495131733986e-5,0.9999600834024346,3.690885025126488e-7,2,7
Serpin6b6,Additive,1496,13_30180778_E_C,13_31838443_F_A,6.50557810792408e-16,1.369236562746927e-5,4.7511792271039176e-11,0.9999861971611044,1.1042575739506022e-7,1,1
Serpin6b6,Additive,1496,13_35016002_A_B,13_31838443_F_A,1.6448106471969458e-8,1.3673836712874849e-5,0.0012012445396609311,0.9986326816833603,1.5238349216042035e-4,3,1
Serpin6b6,Additive,1496,13_29359327_E_E,13_31838443_F_A,5.414987126119174e-10,1.3691817811008551e-5,3.954694559322144e-5,0.999946187890516,5.7280458170924e-7,2,1
Serpin6b6,Additive,1496,13_30180778_E_C,13_35457506_A_G,5.665371564521315e-15,1.1923973179632865e-4,4.750673419399454e-11,0.9998797374026669,1.0228180255325517e-6,1,5
Serpin6b6,Additive,1496,13_35016002_A_B,13_35457506_A_G,1.4312005048245003e-7,1.189802731378538e-4,0.0012001271441187996,0.9977021025220911,9.786469406012836e-4,3,5
Serpin6b6,Additive,1496,13_29359327_E_E,13_35457506_A_G,4.7156313789346056e-9,1.192349385150259e-4,3.954272794371156e-5,0.9998395422394408,1.6753784690277397e-6,2,5
Serpin6b6,Additive,1496,13_30180778_E_C,13_35826488_A_D,1.8074715572342737e-15,3.804206330680757e-5,4.7510624662606804e-11,0.9999616219200445,3.359691337283709e-7,1,10
Serpin6b6,Additive,1496,13_35016002_A_B,13_35826488_A_D,4.5696242710147995e-8,3.798874735370339e-5,0.00120115695718902,0.99855977427301,2.0103432620594192e-4,3,10
Serpin6b6,Additive,1496,13_29359327_E_E,13_35826488_A_D,1.5044661692561952e-9,3.8040490609706454e-5,3.9545921040380874e-5,0.9999202789079432,2.1331759412441226e-6,2,10
Tcerg1,Additive,720,18_46410922_G_A,18_46941604_G_E,0.007844522055068874,0.17492951317234073,0.0348086551473143,0.7762058164881164,0.006211493137159867,1,2
Tcerg1,Additive,720,18_46410922_G_A,18_44532060_G_G,8.673855294163961e-4,0.019342329249428185,0.04200678855118304,0.9367314559247192,0.0010520407452530042,1,1
Tcerg1,NCD,720,18_46410922_G_A,18_46941604_G_E,3.640304159081019e-7,0.18285570772091636,1.6153194702653254e-6,0.8113777725354453,0.005764540393752391,1,2
Tcerg1,NCD,720,18_46410922_G_A,18_44532060_G_G,4.025755309578355e-8,0.02022172609966802,1.9496411493288597e-6,0.9793211369392772,4.551470623538081e-4,1,1
Ythdc2,Additive,720,18_46410922_G_A,18_46874010_G_F,1.5192681600632966e-9,3.3879035300357363e-8,0.04288567798070694,0.9563308544823268,7.834321386628817e-4,1,4
Ythdc2,Additive,720,18_46410922_G_A,18_44532060_G_G,3.287974633681595e-42,7.332043914916098e-41,0.04289446511145438,0.9565272139918543,5.783208966975706e-4,1,1
Ythdc2,Additive,720,18_46410922_G_A,18_46268062_G_A,6.329316548485574e-18,1.4114107332068737e-16,0.021135917575384418,0.47030487494008383,0.5085592074845289,1,2
Ythdc2,Additive,720,18_46410922_G_A,18_46874010_G_D,1.5584012183363587e-11,3.4751685894567655e-10,0.042830474525465276,0.9550972631952893,0.002072261916146159,1,3
Ythdc2,Additive,720,18_46410922_G_A,18_48365492_G_H,1.0707529040205401e-4,0.002387733540849081,0.042742169939444075,0.9531289848482528,0.0016340363810519534,1,5
