id.exposure,chr.exposure,pos.exposure,SNP,effect_allele.exposure,other_allele.exposure,eaf.exposure,beta.exposure,se.exposure,pval.exposure,exposure,mr_keep.exposure,pval_origin.exposure,clumped,study_label,opengwas_id
ieu-b-142,15,78801394,rs11852372,C,A,0.328,0.182472,0.00591085,9.999999999999995e-201,exposure,TRUE,reported,TRUE,cig.liu,ieu-b-142
ieu-b-142,19,41353107,rs56113850,C,T,0.568,0.107205,0.00560367,1.10002e-81,exposure,TRUE,reported,TRUE,cig.liu,ieu-b-142
ieu-b-142,8,42579203,rs58379124,C,T,0.748,0.0669394,0.00650172,8.99912e-25,exposure,TRUE,reported,TRUE,cig.liu,ieu-b-142
ieu-b-142,19,41305530,rs34406232,A,C,0.0259,-0.146992,0.0166972,1.33015e-18,exposure,TRUE,reported,TRUE,cig.liu,ieu-b-142
ieu-b-142,20,61986949,rs2273500,C,T,0.159,0.0680938,0.00779553,2.47002e-18,exposure,TRUE,reported,TRUE,cig.liu,ieu-b-142
ieu-b-142,7,32333642,rs215600,A,G,0.64,-0.0492503,0.0057525,1.10002e-17,exposure,TRUE,reported,TRUE,cig.liu,ieu-b-142
ieu-b-142,9,136502369,rs3025383,C,T,0.18,-0.0578394,0.00704521,2.22024e-16,exposure,TRUE,reported,TRUE,cig.liu,ieu-b-142
ieu-b-142,1,154548521,rs2072659,G,C,0.105,-0.0652518,0.00924651,1.71002e-12,exposure,TRUE,reported,TRUE,cig.liu,ieu-b-142
ieu-b-142,8,64604218,rs790564,C,A,0.719,-0.0408927,0.00619302,3.97009e-11,exposure,TRUE,reported,TRUE,cig.liu,ieu-b-142
ieu-b-142,11,16377044,rs7951365,C,T,0.306,0.0389511,0.00596781,6.62979e-11,exposure,TRUE,reported,TRUE,cig.liu,ieu-b-142
ieu-b-142,8,27442127,rs73229090,A,C,0.113,0.0554895,0.00876271,2.44e-10,exposure,TRUE,reported,TRUE,cig.liu,ieu-b-142
ieu-b-142,16,89772619,rs4785587,A,G,0.511,-0.0336223,0.00553496,1.26999e-9,exposure,TRUE,reported,TRUE,cig.liu,ieu-b-142
ieu-b-142,3,48935583,rs7431710,A,G,0.644,-0.0349579,0.0058102,1.81999e-9,exposure,TRUE,reported,TRUE,cig.liu,ieu-b-142
ieu-b-142,20,31047533,rs2424888,A,G,0.405,0.0334848,0.00563586,2.76001e-9,exposure,TRUE,reported,TRUE,cig.liu,ieu-b-142
ieu-b-142,11,113448762,rs7928017,A,C,0.413,-0.0329314,0.00555848,3.14e-9,exposure,TRUE,reported,TRUE,cig.liu,ieu-b-142
ieu-b-142,4,67053769,rs11725618,C,T,0.287,0.036064,0.00615782,4.67003e-9,exposure,TRUE,reported,TRUE,cig.liu,ieu-b-142
ieu-b-142,15,59155050,rs632811,G,A,0.351,-0.0367137,0.00641049,1.03001e-8,exposure,TRUE,reported,TRUE,cig.liu,ieu-b-142
ieu-b-142,16,52074530,rs1579233,G,A,0.571,-0.0318201,0.00556452,1.06999e-8,exposure,TRUE,reported,TRUE,cig.liu,ieu-b-142
ieu-b-142,3,16872929,rs2084533,T,C,0.319,0.0336406,0.00590094,1.22e-8,exposure,TRUE,reported,TRUE,cig.liu,ieu-b-142
ieu-b-142,11,46465361,rs75494138,T,C,0.0618,0.0598763,0.0105682,1.45001e-8,exposure,TRUE,reported,TRUE,cig.liu,ieu-b-142
ieu-b-142,6,26214473,rs806798,C,T,0.543,-0.030850700000000002,0.00553204,2.47999e-8,exposure,TRUE,reported,TRUE,cig.liu,ieu-b-142
ieu-b-142,19,4060707,rs895330,G,C,0.206,-0.0390041,0.00701668,2.67997e-8,exposure,TRUE,reported,TRUE,cig.liu,ieu-b-142
ieu-b-142,4,67904931,rs787362,A,T,0.452,0.0304766,0.00557353,4.49997e-8,exposure,TRUE,reported,TRUE,cig.liu,ieu-b-142
