exposure,survival,n_snp,method,b,se,p,mean_F,egger_int_p,b_wmedian,b_egger,edge,pleiotropy
chronotype.ukbb,"Parental lifespan (combined, Martingale resid)",9,Inverse variance weighted,-0.0032663758433460733,0.04319976690478955,0.9397286166845213,37.73510828996727,0.8025517631589696,-0.011476410467049818,0.030648841492011563,no clear edge,
chronotype.ukbb,Combined parental age at death,9,Inverse variance weighted,-0.004406467602570428,0.04545409697510906,0.922771466966136,37.73510828996727,0.3853900780178928,-0.02348305607331979,-0.12467064871711139,no clear edge,
chronotype.ukbb,Father's age at death,9,Inverse variance weighted,0.04160051433161735,0.036588520620554545,0.2555455250698345,37.73510828996727,0.7614710542933538,0.060501632604301754,0.008827590339537094,no clear edge,
chronotype.ukbb,Mother's attained age,9,Inverse variance weighted,0.022436088203751953,0.034227695256566264,0.5121490086249023,37.73510828996727,0.82187059171826915,0.017287014322886474,0.04662887591767493,no clear edge,
sleeplessness.elsworth,"Parental lifespan (combined, Martingale resid)",39,Inverse variance weighted,-0.015180194866664496,0.05162811020255632,0.7687352513690313,45.09378766880318,0.7266789980384725,0.03953270558798662,0.04052017818223976,no clear edge,
sleeplessness.elsworth,Combined parental age at death,39,Inverse variance weighted,-0.1132627393381974,0.06161709980068445,0.06603727527220733,45.09378766880318,0.7726066713431171,-0.15167315105305293,-0.16829759140874095,no clear edge,
sleeplessness.elsworth,Father's age at death,39,Inverse variance weighted,-0.03914231089615442,0.044389981815297255,0.37789441555492015,45.09378766880318,0.7783661649354741,-0.0582978605233833,-5.260227624233169e-4,no clear edge,
sleeplessness.elsworth,Mother's attained age,39,Inverse variance weighted,0.015500722086216018,0.052008778888248314,0.7656722584651712,45.09378766880318,0.42530843462268497,0.07973271874879745,0.14294855845600937,no clear edge,
sleepduration.elsworth,"Parental lifespan (combined, Martingale resid)",66,Inverse variance weighted,-0.07082406896384916,0.04079767457660408,0.08256684284141134,43.027387039639606,0.9114938422601495,-0.04903441807875456,-0.05406753308385569,no clear edge,
sleepduration.elsworth,Combined parental age at death,66,Inverse variance weighted,0.05958508760953422,0.058116219805499435,0.30523360796998633,43.027387039639606,0.9522933239188611,0.08225083484269331,0.04674397853061377,no clear edge,
sleepduration.elsworth,Father's age at death,66,Inverse variance weighted,0.039298956194124796,0.04022600443608495,0.3285919229506889,43.027387039639606,0.8595013258075976,0.09031895738562852,0.01299708354223397,no clear edge,
sleepduration.elsworth,Mother's attained age,66,Inverse variance weighted,-0.05733304440234938,0.034905451828232396,0.10048144443328681,43.027387039639606,0.5624477682204595,-0.07754049915015637,0.017282509264755216,no clear edge,
sleepapnea.sakaue,"Parental lifespan (combined, Martingale resid)",1,Wald ratio,0.02531969111969112,0.021880694980694983,0.24720277548815134,63.50863905325444,NA,NA,NA,no clear edge,
sleepapnea.sakaue,Combined parental age at death,1,Wald ratio,-0.04920714285714286,0.03199044401544402,0.12400398557679612,63.50863905325444,NA,NA,NA,no clear edge,
sleepapnea.sakaue,Father's age at death,1,Wald ratio,-0.04148426640926641,0.025870077220077222,0.10881068672943357,63.50863905325444,NA,NA,NA,no clear edge,
sleepapnea.sakaue,Mother's attained age,1,Wald ratio,0.004623445945945946,0.021371814671814673,0.8287275618369034,63.50863905325444,NA,NA,NA,no clear edge,
LDLchol.ukb.richardson,"Parental lifespan (combined, Martingale resid)",157,Inverse variance weighted,0.0649934803881219,0.010557692664797131,7.459076035276948e-10,264.7472095843831,0.0067288923130911765,0.06776008616626727,0.08895540600418803,STRONG survival edge (Bonferroni),Egger intercept p<0.05 — directional pleiotropy
LDLchol.ukb.richardson,Combined parental age at death,156,Inverse variance weighted,-0.06513611934218898,0.01223412204421443,1.0143446589432101e-7,261.0429140174397,0.14042669136707414,-0.06579955640229593,-0.08021185347962698,STRONG survival edge (Bonferroni),
LDLchol.ukb.richardson,Mother's attained age,157,Inverse variance weighted,0.03788536355170202,0.008551620014270947,9.414693027840527e-6,264.7472095843831,0.008042744548536518,0.044333482806277906,0.05688139980922968,STRONG survival edge (Bonferroni),Egger intercept p<0.05 — directional pleiotropy
HDLchol.ukb.richardson,"Parental lifespan (combined, Martingale resid)",305,Inverse variance weighted,-0.06563388819791359,0.00886237424072142,1.3026055608840124e-13,186.51870730305092,0.04390347392361429,-0.0399750683754518,-0.04746808286509417,STRONG survival edge (Bonferroni),Egger intercept p<0.05 — directional pleiotropy
HDLchol.ukb.richardson,Combined parental age at death,305,Inverse variance weighted,0.07640097982372344,0.009798346515739789,6.322876046433408e-15,186.51870730305092,0.0012072405095194566,0.05064091974849189,0.04429484141909626,STRONG survival edge (Bonferroni),Egger intercept p<0.05 — directional pleiotropy
HDLchol.ukb.richardson,Father's age at death,305,Inverse variance weighted,0.05409883489180989,0.007640951066121242,1.440318047530928e-12,186.51870730305092,6.602826339126039e-4,0.021416057694119636,0.027804062163459212,STRONG survival edge (Bonferroni),Egger intercept p<0.05 — directional pleiotropy
HDLchol.ukb.richardson,Mother's attained age,305,Inverse variance weighted,-0.05446339094521509,0.00771042183467309,1.6223497096883158e-12,186.51870730305092,0.20583851377739334,-0.034222181946111534,-0.04452092804811542,STRONG survival edge (Bonferroni),
weight.ukb,"Parental lifespan (combined, Martingale resid)",457,Inverse variance weighted,0.10378329926306017,0.010103506245507645,9.422253047509555e-25,70.86851159007576,0.3111232987200943,0.10210204442032998,0.07989746120827317,STRONG survival edge (Bonferroni),
weight.ukb,Combined parental age at death,456,Inverse variance weighted,-0.09852328440949878,0.013521640345399075,3.184859144827066e-13,70.8450877516513,0.5093631453706939,-0.10829114880574846,-0.0777290565916916,STRONG survival edge (Bonferroni),
weight.ukb,Father's age at death,457,Inverse variance weighted,-0.05958520562069173,0.010441705864175407,1.1534813201892522e-8,70.86851159007576,0.9534509869883097,-0.07096837131942707,-0.061008714918345745,STRONG survival edge (Bonferroni),
weight.ukb,Mother's attained age,457,Inverse variance weighted,0.08109908370131867,0.008952272612084044,1.315918141659101e-19,70.86851159007576,0.48928617727016255,0.0861612756931126,0.06664522589043768,STRONG survival edge (Bonferroni),
FBG.manning,"Parental lifespan (combined, Martingale resid)",20,Inverse variance weighted,0.03513291490510243,0.017733553617225704,0.047573916140286665,96.2930207058074,0.5762259018194169,0.03228516309814132,0.05365929707380528,nominal survival edge,
FBG.manning,Combined parental age at death,20,Inverse variance weighted,-0.0201657161446339,0.023456529323324423,0.38995119360274066,96.2930207058074,0.04036369788184653,-0.041505812275652185,-0.11357936738690659,no clear edge,Egger intercept p<0.05 — directional pleiotropy
FBG.manning,Father's age at death,20,Inverse variance weighted,-0.030037732754445195,0.01900148610077229,0.11392156546959976,96.2930207058074,0.32424210012217547,-0.03907454880233859,-0.06475347696933996,no clear edge,
FBG.manning,Mother's attained age,20,Inverse variance weighted,0.039366976037010004,0.01784852949390544,0.02741100066993923,96.2930207058074,0.8883032761080629,0.03199197193692081,0.044072517285742706,nominal survival edge,
PBG.chen,"Parental lifespan (combined, Martingale resid)",12,Inverse variance weighted,0.020910342338915627,0.012860085086498125,0.10395223611916221,58.937589489990245,0.11471378097854906,0.038028193121403195,-0.029666560186556744,no clear edge,
PBG.chen,Combined parental age at death,12,Inverse variance weighted,-0.02468696689399461,0.01751394329519561,0.1586694260762307,58.937589489990245,0.268793308352087,-0.032328273610245595,0.025228577152965247,no clear edge,
PBG.chen,Father's age at death,12,Inverse variance weighted,-0.03473869735072915,0.012346760679005113,0.004899197874802876,58.937589489990245,0.07341962257167185,-0.031683841771293776,0.026345673010883593,nominal survival edge,
PBG.chen,Mother's attained age,12,Inverse variance weighted,0.004343765002569143,0.012294309155077395,0.7238522304662742,58.937589489990245,0.6511222671507277,0.005326334378046438,-0.010365344916433797,no clear edge,
T2D.xue,"Parental lifespan (combined, Martingale resid)",109,Inverse variance weighted,0.02725422065327461,0.004944327638916738,3.54336043373549e-8,75.50760424202991,0.012405967203767002,0.01828269323197282,0.0024514525650628127,STRONG survival edge (Bonferroni),Egger intercept p<0.05 — directional pleiotropy
T2D.xue,Combined parental age at death,109,Inverse variance weighted,-0.02031672659756952,0.007412995346524527,0.0061310212351069595,75.50760424202991,0.012081323624802416,4.1758108093794784e-4,0.01703531598591681,nominal survival edge,Egger intercept p<0.05 — directional pleiotropy
T2D.xue,Father's age at death,109,Inverse variance weighted,-0.024913205475902554,0.00527606678998093,2.33619833507861e-6,75.50760424202991,0.05108483818051597,-0.015396435852201096,-0.004139897248941017,STRONG survival edge (Bonferroni),
T2D.xue,Mother's attained age,109,Inverse variance weighted,0.021077783355478,0.00435953291755088,1.332313790530298e-6,75.50760424202991,0.0376381116107997,0.009820400977524284,0.0028148498118007307,STRONG survival edge (Bonferroni),Egger intercept p<0.05 — directional pleiotropy
BMI.elsworth,"Parental lifespan (combined, Martingale resid)",423,Inverse variance weighted,0.1363864210450308,0.011111326632309433,1.2409538531231062e-34,63.58297810064925,0.07244272075531971,0.1370918982115718,0.08646558884437197,STRONG survival edge (Bonferroni),
BMI.elsworth,Combined parental age at death,423,Inverse variance weighted,-0.16662431323763816,0.013291559207459027,4.7374306581919315e-36,63.58297810064925,0.31806999169252526,-0.15321660739716647,-0.13338766082365575,STRONG survival edge (Bonferroni),
BMI.elsworth,Father's age at death,423,Inverse variance weighted,-0.11931115785494645,0.010427139413830257,2.567821789917222e-30,63.58297810064925,0.07245667034865916,-0.09650832667624612,-0.0724680565753617,STRONG survival edge (Bonferroni),
BMI.elsworth,Mother's attained age,423,Inverse variance weighted,0.10408895876677084,0.010474726391021935,2.8690985968852654e-23,63.58297810064925,0.09835752393454229,0.10856383669021215,0.06076939933915029,STRONG survival edge (Bonferroni),
bloodglucose.barton,"Parental lifespan (combined, Martingale resid)",106,Inverse variance weighted,0.014323898666659092,0.0107113379638757,0.1811361115963437,136.13347581455997,0.5993176125984576,0.019841896610846795,0.007178959724252688,no clear edge,
bloodglucose.barton,Combined parental age at death,106,Inverse variance weighted,-0.023573964621780914,0.01522074214854799,0.12142855461041961,136.13347581455997,0.17073823989608178,-0.026212086097203886,0.0028019796003715338,no clear edge,
bloodglucose.barton,Father's age at death,106,Inverse variance weighted,-0.02869186486765445,0.011638607002716433,0.013692461375128653,136.13347581455997,0.1663615359088729,-0.019672346444975765,-0.008316348279418304,nominal survival edge,
bloodglucose.barton,Mother's attained age,106,Inverse variance weighted,0.019112782698792758,0.008714954808097074,0.02830004849570894,136.13347581455997,0.9411966630835975,0.017852178252948825,0.018295999495952803,nominal survival edge,
HbA1C.soranzo,"Parental lifespan (combined, Martingale resid)",11,Inverse variance weighted,-0.018032309125585236,0.037648844514465415,0.6319667345148428,77.7147600022681,0.6606296168433023,0.016262917325207266,-0.05576180231101833,no clear edge,
HbA1C.soranzo,Combined parental age at death,11,Inverse variance weighted,0.009834428855490893,0.05039452743535115,0.8452765019731181,77.7147600022681,0.2702407263876101,0.03807946496767914,0.13283839286914725,no clear edge,
HbA1C.soranzo,Father's age at death,11,Inverse variance weighted,-0.009012891055252013,0.031211687129809207,0.7727600351922093,77.7147600022681,0.2266512273130622,-0.031363101765708515,-0.09199524479425146,no clear edge,
HbA1C.soranzo,Mother's attained age,11,Inverse variance weighted,-0.0306342905547679,0.03651036317270046,0.40143709745186484,77.7147600022681,0.38557242054188534,-0.018348204463740497,-0.10176297175682973,no clear edge,
schizophrenia.pgc,"Parental lifespan (combined, Martingale resid)",147,Inverse variance weighted,0.005819628420657962,0.005382406545146145,0.2795940734070622,45.10785553759463,0.3168488611991004,0.0038963966615082517,-0.013576990659667944,no clear edge,
schizophrenia.pgc,Combined parental age at death,147,Inverse variance weighted,-0.008827985615282547,0.006584354352412083,0.18000101742006613,45.10785553759463,0.35606126915642544,-0.0063240525730380755,0.013052736560622363,no clear edge,
schizophrenia.pgc,Father's age at death,147,Inverse variance weighted,-0.002184024089288085,0.004909563531356695,0.6564274585296501,45.10785553759463,0.7945913733210712,0.013026408513788168,0.002425831807897482,no clear edge,
schizophrenia.pgc,Mother's attained age,147,Inverse variance weighted,0.009852493971993913,0.004146513105000414,0.01749712988207952,45.10785553759463,0.1502777107715358,0.008379019143457433,-0.011577887153938234,nominal survival edge,
MDD.pgc,"Parental lifespan (combined, Martingale resid)",32,Inverse variance weighted,-0.008687961508989307,0.023045149497781955,0.7061755349881012,37.25761029648255,0.8985685182305628,0.028259033554215548,0.005290760821158845,no clear edge,
MDD.pgc,Combined parental age at death,32,Inverse variance weighted,-0.017184310865398282,0.028516070259653165,0.5467625248660025,37.25761029648255,0.7954814124130207,-0.007294718106388957,-0.05235117191274661,no clear edge,
MDD.pgc,Father's age at death,32,Inverse variance weighted,-0.011019847206331757,0.02145475624718305,0.6075093725737594,37.25761029648255,0.7249700521913797,0.011296582126153698,-0.046931062159452266,no clear edge,
MDD.pgc,Mother's attained age,32,Inverse variance weighted,-0.005864126524841407,0.022268826899012707,0.7922935968096515,37.25761029648255,0.8179684302060461,0.027554670567502083,0.0185329149405011,no clear edge,
bipolar.pgc,"Parental lifespan (combined, Martingale resid)",43,Inverse variance weighted,-0.02213682313286512,0.007081518023413505,0.0017720173969393697,38.60408410424315,0.8208070350239604,-0.022657507746469983,-0.03132465934389,nominal survival edge,
bipolar.pgc,Combined parental age at death,43,Inverse variance weighted,0.02763043736028301,0.011825793139395952,0.019467523359497464,38.60408410424315,0.5746685590313855,0.03568447301849039,0.06555132743468821,nominal survival edge,
bipolar.pgc,Father's age at death,43,Inverse variance weighted,0.024082886934915077,0.007596884985343462,0.0015238635618251908,38.60408410424315,0.7006354317687042,0.019676248691241065,0.007365276399124291,nominal survival edge,
bipolar.pgc,Mother's attained age,43,Inverse variance weighted,-0.013649975052589384,0.007004290541142831,0.05131908102350647,38.60408410424315,0.6619160752049321,-0.0234855558426014,-0.031180630631085848,no clear edge,
menopause.ukb,"Parental lifespan (combined, Martingale resid)",9,Inverse variance weighted,-0.007958748588024648,0.08469288043650024,0.9251315000889045,53.19680353260165,0.5406005269391807,-0.00726773495199276,0.10605598393005598,no clear edge,
menopause.ukb,Combined parental age at death,9,Inverse variance weighted,-0.07325832503581692,0.10525508134166325,0.4864241387527287,53.19680353260165,0.5551979606614083,-0.10432262643294365,-0.20996282037552016,no clear edge,
menopause.ukb,Father's age at death,9,Inverse variance weighted,-0.13629569734724942,0.09919583351315707,0.1694397354570292,53.19680353260165,0.7409514147162259,-0.19340832966784055,-0.06346165089040758,no clear edge,
menopause.ukb,Mother's attained age,9,Inverse variance weighted,-0.06305911622754558,0.07423063918904235,0.3956017197563524,53.19680353260165,0.35049523027128365,-0.05739810309037759,0.0865062255329433,no clear edge,
SBP.tang,"Parental lifespan (combined, Martingale resid)",231,Inverse variance weighted,0.01001169427894852,8.118514112916778e-4,6.096915514578981e-35,57.32576883147393,0.6307832514430112,0.009076811033310863,0.008937782930176443,STRONG survival edge (Bonferroni),
SBP.tang,Combined parental age at death,231,Inverse variance weighted,-0.009692163419861491,0.0010133942580037535,1.132257588356166e-21,57.32576883147393,0.4254351105472651,-0.00827549323801271,-0.0074702851119152,STRONG survival edge (Bonferroni),
SBP.tang,Father's age at death,231,Inverse variance weighted,-0.007794130247787558,7.812577015427064e-4,1.9337777835976142e-23,57.32576883147393,0.9622046248417802,-0.0061975605194976935,-0.007692210609802143,STRONG survival edge (Bonferroni),
SBP.tang,Mother's attained age,231,Inverse variance weighted,0.006498790809656409,6.895573771420035e-4,4.3181751567855075e-21,57.32576883147393,0.4387952533046816,0.006306209375850233,0.005029886236224227,STRONG survival edge (Bonferroni),
DBP.tang,"Parental lifespan (combined, Martingale resid)",237,Inverse variance weighted,0.016396315114694915,0.0014134082506865426,4.094314812365454e-31,54.61272813170039,0.8065201498943577,0.015713528606745245,0.01735599474040321,STRONG survival edge (Bonferroni),
DBP.tang,Combined parental age at death,237,Inverse variance weighted,-0.017546629290773705,0.0016423478006043271,1.2111585609572275e-26,54.61272813170039,0.7703501908602488,-0.015196304959508572,-0.01887480039766547,STRONG survival edge (Bonferroni),
DBP.tang,Father's age at death,237,Inverse variance weighted,-0.01285362570628875,0.0013336569420089926,5.531853533576178e-22,54.61272813170039,0.35156123156700825,-0.013808880224729723,-0.016294277804075996,STRONG survival edge (Bonferroni),
DBP.tang,Mother's attained age,237,Inverse variance weighted,0.009826781241398972,0.0011330506818764312,4.214283497624896e-18,54.61272813170039,0.5331600858002719,0.008616748944820504,0.007869906776776108,STRONG survival edge (Bonferroni),
EA.yearsofed,"Parental lifespan (combined, Martingale resid)",205,Inverse variance weighted,-0.03482185126500279,0.0030161452325676357,7.810445198116345e-31,45.185264226646616,0.6615108114626513,-0.036077563187987466,-0.029256852026102738,STRONG survival edge (Bonferroni),
EA.yearsofed,Combined parental age at death,205,Inverse variance weighted,0.05398591515074022,0.003975579009875284,5.3070681620587465e-42,45.185264226646616,0.08248604939224358,0.056920598025162396,0.024992427035686705,STRONG survival edge (Bonferroni),
EA.yearsofed,Father's age at death,205,Inverse variance weighted,0.042116293994098414,0.003174505672838551,3.595023497014392e-40,45.185264226646616,0.12629060405828732,0.0449003275584032,0.021717239486351403,STRONG survival edge (Bonferroni),
EA.yearsofed,Mother's attained age,205,Inverse variance weighted,-0.02818749301960111,0.0025557436136262614,2.766902006628298e-28,45.185264226646616,0.9808561293161716,-0.029589492709672947,-0.028445994960524756,STRONG survival edge (Bonferroni),
EA.collegecomplete,"Parental lifespan (combined, Martingale resid)",196,Inverse variance weighted,-0.3842204522886463,0.03250328774879762,3.0414518536205815e-32,46.51036922500831,0.5784179629724129,-0.4039989963044924,-0.3137848714517275,STRONG survival edge (Bonferroni),
EA.collegecomplete,Combined parental age at death,196,Inverse variance weighted,0.6410374118108447,0.043462936376156065,3.1198449658338906e-49,46.51036922500831,0.10965640246884159,0.5514563373574918,0.3706315220451142,STRONG survival edge (Bonferroni),
EA.collegecomplete,Father's age at death,196,Inverse variance weighted,0.4486253059520989,0.035709400011662375,3.3632929589905797e-36,46.51036922500831,0.15318062399517934,0.44124157005115255,0.25014955376422265,STRONG survival edge (Bonferroni),
EA.collegecomplete,Mother's attained age,196,Inverse variance weighted,-0.32432826199013676,0.02779950404617406,1.8861475373220819e-31,46.51036922500831,0.6697250611815826,-0.33754786324593394,-0.2780806886064146,STRONG survival edge (Bonferroni),
CVD.loh,"Parental lifespan (combined, Martingale resid)",208,Inverse variance weighted,0.6033909866863593,0.030075842620607696,1.5757886985047335e-89,59.495384828686554,0.23011351765361812,0.5464622875232843,0.6950415820697153,STRONG survival edge (Bonferroni),
CVD.loh,Combined parental age at death,207,Inverse variance weighted,-0.6249349156896834,0.03802185051320795,1.0531106239643593e-60,59.24835516197977,0.2402374456283094,-0.5552418679678918,-0.7379130681396225,STRONG survival edge (Bonferroni),
CVD.loh,Father's age at death,208,Inverse variance weighted,-0.510394790705848,0.028736678047921682,1.4145480920548949e-70,59.495384828686554,0.5224717725998567,-0.44909519417980803,-0.5571289468946533,STRONG survival edge (Bonferroni),
CVD.loh,Mother's attained age,208,Inverse variance weighted,0.3874107674074228,0.026884003303939405,4.44759215984837e-47,59.495384828686554,0.13314726902195703,0.3822270428438933,0.48984307678210814,STRONG survival edge (Bonferroni),
cig.liu,"Parental lifespan (combined, Martingale resid)",23,Inverse variance weighted,0.10175320385083621,0.017733934576421598,9.59323543613397e-9,100.1480952822944,0.44405775643234224,0.1264907739598297,0.12172318430620886,STRONG survival edge (Bonferroni),
cig.liu,Combined parental age at death,23,Inverse variance weighted,-0.09220438118365962,0.021256639571990803,1.4399826749691631e-5,100.1480952822944,0.7933077465125387,-0.12214904302094114,-0.08395519744816249,STRONG survival edge (Bonferroni),
cig.liu,Father's age at death,23,Inverse variance weighted,-0.08642551126747842,0.01692336863620549,3.27531990648423e-7,100.1480952822944,0.4815070624636053,-0.11341941165058594,-0.10397147153677613,STRONG survival edge (Bonferroni),
cig.liu,Mother's attained age,23,Inverse variance weighted,0.05329524979341219,0.01359598227480529,8.857601661444861e-5,100.1480952822944,0.4624859187963607,0.061013854591335286,0.03858945544334331,STRONG survival edge (Bonferroni),
alcohol.liu,"Parental lifespan (combined, Martingale resid)",34,Inverse variance weighted,0.08868589694625505,0.03972621603434548,0.025586722292359233,77.30876977745672,0.5149002668670315,0.12072609541988821,0.12360783249283175,nominal survival edge,
alcohol.liu,Combined parental age at death,33,Inverse variance weighted,-0.06643541357686836,0.03463121656586798,0.05506438058167598,78.6393356691173,0.17592715981245702,-0.10677894742725373,-0.1289140230262335,no clear edge,
alcohol.liu,Father's age at death,34,Inverse variance weighted,-0.06416039787382691,0.03814869243493241,0.09259783115510639,77.30876977745672,0.12629605131214744,-0.14009244183168335,-0.14188319014115947,no clear edge,
alcohol.liu,Mother's attained age,34,Inverse variance weighted,0.03946567372401433,0.03575683771961093,0.26971295703519343,77.30876977745672,0.61342085233201,0.0518596170419836,0.06389268083548846,no clear edge,
leanmass.pei,Combined parental age at death,571,Inverse variance weighted,0.037476573595652485,0.008625289307267385,1.3929835390533355e-5,96.97375918147446,0.657356061520006,0.05130946112852222,0.029441861564696848,STRONG survival edge (Bonferroni),
leanmass.pei,Father's age at death,571,Inverse variance weighted,0.03221411891488883,0.00739886830827668,1.3372137177047331e-5,96.97375918147446,0.6276111812625251,0.0410106366379018,0.02467512898855679,STRONG survival edge (Bonferroni),
leanmass.pei,Mother's attained age,571,Inverse variance weighted,0.0019908889824704983,0.006101435451378193,0.7441985543940872,96.97375918147446,0.008231487421306822,0.004775661824944822,0.035751629505362044,no clear edge,Egger intercept p<0.05 — directional pleiotropy
fatmass.elsworth,"Parental lifespan (combined, Martingale resid)",406,Inverse variance weighted,0.12668127608734223,0.011849789915361552,1.1264892651288439e-26,62.71201748655604,0.5067934142459443,0.13786850972441717,0.10623499529189097,STRONG survival edge (Bonferroni),
fatmass.elsworth,Mother's attained age,406,Inverse variance weighted,0.09557863594914968,0.010973372795330592,3.0373828799418983e-18,62.71201748655604,0.634312616009824,0.10490271829282091,0.08200841490391658,STRONG survival edge (Bonferroni),
