rsid,exposure_name,gene,in_morris,in_chai
rs6453099,LDL-C,HMGCR,TRUE,TRUE
rs76294854,LDL-C,HMGCR,TRUE,TRUE
rs4703643,LDL-C,HMGCR,TRUE,TRUE
rs57297443,LDL-C,HMGCR,TRUE,TRUE
rs10473971,LDL-C,HMGCR,TRUE,TRUE
rs72768311,LDL-C,HMGCR,TRUE,TRUE
rs9293639,LDL-C,HMGCR,FALSE,TRUE
rs73765651,LDL-C,HMGCR,TRUE,TRUE
rs57441318,LDL-C,HMGCR,TRUE,FALSE
rs4704187,LDL-C,HMGCR,TRUE,TRUE
rs149280707,LDL-C,HMGCR,FALSE,TRUE
rs7730287,LDL-C,HMGCR,FALSE,FALSE
rs2006760,LDL-C,HMGCR,TRUE,FALSE
rs115845757,LDL-C,HMGCR,TRUE,TRUE
rs35122945,LDL-C,HMGCR,TRUE,TRUE
rs141642272,LDL-C,HMGCR,TRUE,FALSE
rs111353455,LDL-C,HMGCR,TRUE,TRUE
rs2303152,LDL-C,HMGCR,TRUE,TRUE
rs17648121,LDL-C,HMGCR,TRUE,TRUE
rs55727654,LDL-C,HMGCR,TRUE,TRUE
rs12916,LDL-C,HMGCR,TRUE,TRUE
rs140092661,LDL-C,HMGCR,TRUE,FALSE
rs116153450,LDL-C,HMGCR,TRUE,TRUE
rs116070404,LDL-C,HMGCR,TRUE,TRUE
rs80220036,LDL-C,HMGCR,TRUE,TRUE
rs72768359,LDL-C,HMGCR,TRUE,TRUE
rs144512430,LDL-C,HMGCR,TRUE,TRUE
rs57907925,LDL-C,HMGCR,TRUE,TRUE
rs16872670,LDL-C,HMGCR,TRUE,TRUE
rs115114236,LDL-C,HMGCR,TRUE,TRUE
rs566714956,LDL-C,HMGCR,FALSE,TRUE
rs7717355,LDL-C,HMGCR,TRUE,TRUE
rs28493912,LDL-C,HMGCR,TRUE,TRUE
rs74407893,LDL-C,HMGCR,TRUE,TRUE
rs2307111,LDL-C,HMGCR,TRUE,TRUE
rs74343614,LDL-C,HMGCR,TRUE,TRUE
rs258509,LDL-C,HMGCR,TRUE,FALSE
rs73130509,LDL-C,HMGCR,TRUE,TRUE
rs1917754,LDL-C,HMGCR,FALSE,TRUE
rs6453167,LDL-C,HMGCR,FALSE,FALSE
rs10056543,LDL-C,HMGCR,TRUE,TRUE
rs28433586,LDL-C,HMGCR,TRUE,TRUE
rs140727619,LDL-C,HMGCR,TRUE,TRUE
rs7707833,Total cholesterol,HMGCR,TRUE,TRUE
rs79783247,Total cholesterol,HMGCR,TRUE,TRUE
rs115464765,Total cholesterol,HMGCR,TRUE,TRUE
rs74964185,Total cholesterol,HMGCR,TRUE,TRUE
rs9293641,Total cholesterol,HMGCR,TRUE,TRUE
rs56174528,Total cholesterol,HMGCR,TRUE,FALSE
rs7717415,Total cholesterol,HMGCR,TRUE,TRUE
rs76733602,Total cholesterol,HMGCR,TRUE,TRUE
rs2241402,Total cholesterol,HMGCR,TRUE,FALSE
rs5909,Total cholesterol,HMGCR,TRUE,TRUE
rs12916,Total cholesterol,HMGCR,TRUE,TRUE
rs17562727,Total cholesterol,HMGCR,TRUE,TRUE
rs116070404,Total cholesterol,HMGCR,TRUE,TRUE
rs76041796,Total cholesterol,HMGCR,TRUE,TRUE
rs72768359,Total cholesterol,HMGCR,TRUE,TRUE
rs3094246,Total cholesterol,HMGCR,TRUE,TRUE
rs61164763,Total cholesterol,HMGCR,TRUE,TRUE
rs116105075,Total cholesterol,HMGCR,FALSE,TRUE
rs115114236,Total cholesterol,HMGCR,TRUE,TRUE
rs7717355,Total cholesterol,HMGCR,TRUE,TRUE
rs35130836,Total cholesterol,HMGCR,TRUE,TRUE
rs2307111,Total cholesterol,HMGCR,TRUE,TRUE
rs74343614,Total cholesterol,HMGCR,TRUE,TRUE
rs10474446,Total cholesterol,HMGCR,TRUE,TRUE
rs7708269,Total cholesterol,HMGCR,TRUE,TRUE
rs62361789,Total cholesterol,HMGCR,TRUE,TRUE
rs11591147,LDL-C,PCSK9,TRUE,TRUE
rs472495,LDL-C,PCSK9,TRUE,TRUE
rs11206517,LDL-C,PCSK9,TRUE,TRUE
rs11591147,Total cholesterol,PCSK9,TRUE,TRUE
rs471705,Total cholesterol,PCSK9,TRUE,TRUE
rs505151,Total cholesterol,PCSK9,TRUE,TRUE
rs2073547,LDL-C,NPC1L1,FALSE,TRUE
rs2073547,Total cholesterol,NPC1L1,FALSE,TRUE
