SNP,b_loo,se_loo,b_all,se_all,shift
rs4788218,-0.09957710693243756,0.023690971388841405,-0.10731880930430654,0.024243016667063126,0.007741702371868983
rs1472852,-0.1001292840192381,0.024242362883524216,-0.10731880930430654,0.024243016667063126,0.007189525285068443
rs4852257,-0.1121677742465981,0.023963568771161445,-0.10731880930430654,0.024243016667063126,-0.0048489649422915615
rs798548,-0.10310400988962637,0.024220137128815395,-0.10731880930430654,0.024243016667063126,0.00421479941468017
rs12347137,-0.11135223937083616,0.024259610537654724,-0.10731880930430654,0.024243016667063126,-0.00403343006652962
rs6860245,-0.11093726772065358,0.02439561735359556,-0.10731880930430654,0.024243016667063126,-0.003618458416347045
rs4870941,-0.1037337538027527,0.0241515496785085,-0.10731880930430654,0.024243016667063126,0.0035850555015538438
rs2005172,-0.10386138319884611,0.024358844808363787,-0.10731880930430654,0.024243016667063126,0.0034574261054604316
rs9388490,-0.11057703370249407,0.02436674321941893,-0.10731880930430654,0.024243016667063126,-0.0032582243981875286
rs9634212,-0.11041502871114948,0.02431737949859053,-0.10731880930430654,0.024243016667063126,-0.0030962194068429455
rs71414738,-0.11037308519310764,0.02372755402908216,-0.10731880930430654,0.024243016667063126,-0.0030542758888010973
rs2236406,-0.11036307281116726,0.024308208831012285,-0.10731880930430654,0.024243016667063126,-0.0030442635068607254
rs2181834,-0.1044849277436152,0.024215140613270965,-0.10731880930430654,0.024243016667063126,0.002833881560691337
rs7610055,-0.11013270858307629,0.024204381439210523,-0.10731880930430654,0.024243016667063126,-0.002813899278769752
rs6977416,-0.11006315538727007,0.024358649568044188,-0.10731880930430654,0.024243016667063126,-0.0027443460829635336
rs7107356,-0.1100486688128887,0.023971411087401074,-0.10731880930430654,0.024243016667063126,-0.0027298595085821636
rs2764264,-0.11002039743499076,0.02414110290137039,-0.10731880930430654,0.024243016667063126,-0.002701588130684218
rs4752829,-0.1046874535386988,0.024209810333174923,-0.10731880930430654,0.024243016667063126,0.0026313557656077458
rs1260326,-0.10476374742265733,0.024286410915301277,-0.10731880930430654,0.024243016667063126,0.0025550618816492093
rs2270894,-0.1098410533092946,0.02423900237134685,-0.10731880930430654,0.024243016667063126,-0.0025222440049880585
rs12074850,-0.10480191090095686,0.024211044244536118,-0.10731880930430654,0.024243016667063126,0.0025168984033496766
rs59985551,-0.10981360601170506,0.024247132221834732,-0.10731880930430654,0.024243016667063126,-0.0024947967073985222
rs34776209,-0.10482479230486062,0.024254716091988485,-0.10731880930430654,0.024243016667063126,0.0024940169994459166
rs12943867,-0.10490078414830223,0.024119438095149055,-0.10731880930430654,0.024243016667063126,0.002418025156004311
rs3116602,-0.10972785756725699,0.024418684110377713,-0.10731880930430654,0.024243016667063126,-0.00240904826295045
rs4752689,-0.10492806542470354,0.024191966919628452,-0.10731880930430654,0.024243016667063126,0.0023907438796030023
rs2871865,-0.10500425440891316,0.024294923606831272,-0.10731880930430654,0.024243016667063126,0.002314554895393381
rs5742915,-0.10960925893437055,0.024244613802586343,-0.10731880930430654,0.024243016667063126,-0.002290449630064015
rs2627692,-0.10505693301193506,0.02416827673365054,-0.10731880930430654,0.024243016667063126,0.002261876292371484
rs62621812,-0.10952717338498293,0.024220640389230264,-0.10731880930430654,0.024243016667063126,-0.0022083640806763866
rs10807137,-0.10947847184413817,0.02431560383519806,-0.10731880930430654,0.024243016667063126,-0.0021596625398316305
rs11187838,-0.10945552950495066,0.02434398048768448,-0.10731880930430654,0.024243016667063126,-0.002136720200644121
rs12997625,-0.10520368364293321,0.024169733115836783,-0.10731880930430654,0.024243016667063126,0.0021151256613733266
rs78766798,-0.10943017543347044,0.024168825614093854,-0.10731880930430654,0.024243016667063126,-0.002111366129163905
rs72801843,-0.10525763120810973,0.024283460117073434,-0.10731880930430654,0.024243016667063126,0.0020611780961968112
rs2229840,-0.10527532004940911,0.024259406759096738,-0.10731880930430654,0.024243016667063126,0.002043489254897432
rs11629979,-0.10936195591350581,0.024186632835742728,-0.10731880930430654,0.024243016667063126,-0.00204314660919927
rs212526,-0.10533810973113047,0.024229561545699402,-0.10731880930430654,0.024243016667063126,0.0019806995731760646
rs5763821,-0.10928525876269246,0.024205557443549172,-0.10731880930430654,0.024243016667063126,-0.0019664494583859216
rs2871960,-0.10538194759145823,0.024395135311646405,-0.10731880930430654,0.024243016667063126,0.0019368617128483062
rs3782232,-0.10538620715071056,0.02419107938764244,-0.10731880930430654,0.024243016667063126,0.0019326021535959748
rs10225945,-0.10923514471465284,0.02403357101599126,-0.10731880930430654,0.024243016667063126,-0.0019163354103463037
rs6675858,-0.1054316862430416,0.024072667216088788,-0.10731880930430654,0.024243016667063126,0.001887123061264942
rs1444628,-0.10544134643527307,0.02424575484124591,-0.10731880930430654,0.024243016667063126,0.0018774628690334666
rs723149,-0.10919391508414396,0.02427872559758069,-0.10731880930430654,0.024243016667063126,-0.0018751057798374188
rs2607234,-0.10547741757423856,0.024118150016185006,-0.10731880930430654,0.024243016667063126,0.001841391730067976
rs7735891,-0.10549658595406904,0.024272344663067654,-0.10731880930430654,0.024243016667063126,0.0018222233502375035
rs757834,-0.10902776227772851,0.024241674360372157,-0.10731880930430654,0.024243016667063126,-0.0017089529734219677
rs140440099,-0.10898195108004474,0.024227313997241585,-0.10731880930430654,0.024243016667063126,-0.0016631417757382028
rs10242866,-0.10568588318023676,0.024199174824231888,-0.10731880930430654,0.024243016667063126,0.0016329261240697751
rs17278379,-0.10574913743911597,0.024191154971597184,-0.10731880930430654,0.024243016667063126,0.0015696718651905667
rs7129320,-0.10888406496664098,0.024297079927070555,-0.10731880930430654,0.024243016667063126,-0.0015652556623344388
rs72829852,-0.10887820726607526,0.02419805428151526,-0.10731880930430654,0.024243016667063126,-0.0015593979617687243
rs301807,-0.10886277261890712,0.0241939389678982,-0.10731880930430654,0.024243016667063126,-0.0015439633146005771
rs822530,-0.10577638537122552,0.02425223937766904,-0.10731880930430654,0.024243016667063126,0.0015424239330810163
rs76364830,-0.10578929986233745,0.02426327895397322,-0.10731880930430654,0.024243016667063126,0.0015295094419690847
rs11121615,-0.10883991182494367,0.02424020159643843,-0.10731880930430654,0.024243016667063126,-0.001521102520637127
rs4073154,-0.105807383946392,0.02426490673779476,-0.10731880930430654,0.024243016667063126,0.001511425357914542
rs34287,-0.10881208696136654,0.024234262789797536,-0.10731880930430654,0.024243016667063126,-0.0014932776570600048
rs66922415,-0.10585498040695665,0.02436854733672695,-0.10731880930430654,0.024243016667063126,0.0014638288973498892
rs10483727,-0.10586322933399782,0.024338889535235858,-0.10731880930430654,0.024243016667063126,0.0014555799703087208
rs112537273,-0.10876268394150303,0.024237141724932965,-0.10731880930430654,0.024243016667063126,-0.0014438746371964878
rs67551338,-0.10588202420343244,0.024294794636327586,-0.10731880930430654,0.024243016667063126,0.0014367851008740967
rs1063582,-0.10873802575021109,0.024222178290458484,-0.10731880930430654,0.024243016667063126,-0.0014192164459045503
rs12533452,-0.10873151993326738,0.02423720384499306,-0.10731880930430654,0.024243016667063126,-0.0014127106289608393
rs2923411,-0.10873150527359061,0.024182071139562725,-0.10731880930430654,0.024243016667063126,-0.0014126959692840751
rs12713004,-0.10872782015059944,0.024322642007836674,-0.10731880930430654,0.024243016667063126,-0.001409010846292899
rs62106258,-0.10591125710124244,0.024266481846705365,-0.10731880930430654,0.024243016667063126,0.0014075522030640997
rs7952436,-0.10591604677129336,0.024276217844083053,-0.10731880930430654,0.024243016667063126,0.001402762533013177
rs36048468,-0.10871219428441266,0.02426169699804154,-0.10731880930430654,0.024243016667063126,-0.0013933849801061188
rs7689420,-0.10592550249116535,0.02433803252195346,-0.10731880930430654,0.024243016667063126,0.0013933068131411902
rs35756741,-0.10869868359161546,0.02426687869713936,-0.10731880930430654,0.024243016667063126,-0.001379874287308916
rs4287835,-0.10868864992889428,0.024215474507787764,-0.10731880930430654,0.024243016667063126,-0.0013698406245877398
rs6470771,-0.10595046740402123,0.0242599732753131,-0.10731880930430654,0.024243016667063126,0.0013683419002853137
rs144627572,-0.10595278310501317,0.024225781944505732,-0.10731880930430654,0.024243016667063126,0.0013660261992933659
rs10948,-0.10596084613277192,0.02427164519059013,-0.10731880930430654,0.024243016667063126,0.0013579631715346235
rs42039,-0.1059639817159109,0.024373810853942576,-0.10731880930430654,0.024243016667063126,0.0013548275883956407
rs1430157,-0.10867061017381956,0.02423729507175021,-0.10731880930430654,0.024243016667063126,-0.0013518008695130174
rs2142331,-0.10596744258441466,0.02423048647440494,-0.10731880930430654,0.024243016667063126,0.001351366719891875
rs4847378,-0.10597141470210764,0.024202894541101434,-0.10731880930430654,0.024243016667063126,0.0013473946021989036
rs78378222,-0.1059733598815942,0.024306732673075995,-0.10731880930430654,0.024243016667063126,0.001345449422712336
rs12595051,-0.1059754525113552,0.024231247291857858,-0.10731880930430654,0.024243016667063126,0.0013433567929513335
rs6762851,-0.10600179738186837,0.02426649404450643,-0.10731880930430654,0.024243016667063126,0.0013170119224381743
rs951366,-0.10863535613639978,0.02425959646542884,-0.10731880930430654,0.024243016667063126,-0.0013165468320932433
rs10845408,-0.108632950377352,0.02428224061774859,-0.10731880930430654,0.024243016667063126,-0.0013141410730454633
rs11243202,-0.10861558052058523,0.02431080486782027,-0.10731880930430654,0.024243016667063126,-0.0012967712162786915
rs4655345,-0.10861524835544518,0.024282681863181714,-0.10731880930430654,0.024243016667063126,-0.0012964390511386453
rs76517946,-0.10860988950405831,0.024262048117032482,-0.10731880930430654,0.024243016667063126,-0.0012910801997517707
rs147110934,-0.10860592110032019,0.024263782651303946,-0.10731880930430654,0.024243016667063126,-0.0012871117960136513
rs72656010,-0.10860236049639022,0.024405800629529312,-0.10731880930430654,0.024243016667063126,-0.0012835511920836762
rs10075249,-0.10860199575159164,0.02422106408527896,-0.10731880930430654,0.024243016667063126,-0.0012831864472851034
rs2578565,-0.10859937983813124,0.024210305028895547,-0.10731880930430654,0.024243016667063126,-0.0012805705338247014
rs6910414,-0.1085749014819824,0.024178620585507727,-0.10731880930430654,0.024243016667063126,-0.0012560921776758605
rs1319012,-0.10606611590047084,0.02429586535928664,-0.10731880930430654,0.024243016667063126,0.0012526934038357002
rs11651280,-0.10853491690400029,0.024207866147620914,-0.10731880930430654,0.024243016667063126,-0.001216107599693747
rs9832919,-0.10851586511567873,0.0242494374627895,-0.10731880930430654,0.024243016667063126,-0.001197055811372194
rs14976,-0.10851046384415992,0.024217506095231236,-0.10731880930430654,0.024243016667063126,-0.0011916545398533845
rs8042578,-0.10850984324408444,0.02428924390020706,-0.10731880930430654,0.024243016667063126,-0.0011910339397779024
rs28592876,-0.10613599995849181,0.02428544625516726,-0.10731880930430654,0.024243016667063126,0.001182809345814731
rs73006226,-0.10614901121720062,0.02420644265638697,-0.10731880930430654,0.024243016667063126,0.0011697980871059194
rs7418410,-0.10848531545515652,0.024239279185277646,-0.10731880930430654,0.024243016667063126,-0.001166506150849983
rs10832963,-0.1061542775157045,0.024255055734372675,-0.10731880930430654,0.024243016667063126,0.0011645317886020412
rs10107388,-0.10616326047861988,0.024238981122605974,-0.10731880930430654,0.024243016667063126,0.0011555488256866642
rs10748128,-0.10845866799226252,0.02428874508602374,-0.10731880930430654,0.024243016667063126,-0.0011398586879559774
rs1325596,-0.10618086434737603,0.024307110454038973,-0.10731880930430654,0.024243016667063126,0.001137944956930509
rs2303423,-0.10843559452385143,0.024194566432121676,-0.10731880930430654,0.024243016667063126,-0.0011167852195448913
rs60804050,-0.10621719713788277,0.024263848071528725,-0.10731880930430654,0.024243016667063126,0.0011016121664237655
rs6931421,-0.1062249534986935,0.024298653656607175,-0.10731880930430654,0.024243016667063126,0.0010938558056130393
rs4886708,-0.10622785583552913,0.024251410293786992,-0.10731880930430654,0.024243016667063126,0.0010909534687774114
rs650508,-0.1084077055074857,0.024212434613089282,-0.10731880930430654,0.024243016667063126,-0.00108889620317916
rs11590254,-0.10840759048660153,0.02425592853582008,-0.10731880930430654,0.024243016667063126,-0.0010887811822949955
rs2283200,-0.1083913106285168,0.02423025523261503,-0.10731880930430654,0.024243016667063126,-0.0010725013242102593
rs17400325,-0.10838860689945748,0.024238284186548054,-0.10731880930430654,0.024243016667063126,-0.0010697975951509398
rs55872725,-0.1062515543165887,0.024280298159624018,-0.10731880930430654,0.024243016667063126,0.0010672549877178417
rs11721522,-0.1083837196601033,0.024196289131103825,-0.10731880930430654,0.024243016667063126,-0.0010649103557967554
rs4244809,-0.10838272007448736,0.024278155788926004,-0.10731880930430654,0.024243016667063126,-0.0010639107701808231
rs9828525,-0.10625847441727639,0.024216837051123704,-0.10731880930430654,0.024243016667063126,0.0010603348870301538
rs990315,-0.10626138077772532,0.024208247506728578,-0.10731880930430654,0.024243016667063126,0.0010574285265812222
rs10283100,-0.10626349770644503,0.0243009649042128,-0.10731880930430654,0.024243016667063126,0.0010553115978615135
rs113146332,-0.10836526076348392,0.024212090806930948,-0.10731880930430654,0.024243016667063126,-0.0010464514591773805
rs2101017,-0.1062761300983967,0.024246853968729245,-0.10731880930430654,0.024243016667063126,0.0010426792059098355
rs75702986,-0.106277001817126,0.024213504118465446,-0.10731880930430654,0.024243016667063126,0.0010418074871805377
rs12962050,-0.10628108673723546,0.024243251353548927,-0.10731880930430654,0.024243016667063126,0.0010377225670710755
rs55681913,-0.10628226523219429,0.024289756705103603,-0.10731880930430654,0.024243016667063126,0.001036544072112247
rs73490624,-0.10628698241405633,0.024243818896994538,-0.10731880930430654,0.024243016667063126,0.0010318268902502065
rs17713523,-0.1063168283235485,0.024215434320774148,-0.10731880930430654,0.024243016667063126,0.0010019809807580438
rs4865956,-0.1083054630006997,0.024290423382310845,-0.10731880930430654,0.024243016667063126,-9.866536963931555e-4
rs4076108,-0.1063344762386362,0.024248560356697427,-0.10731880930430654,0.024243016667063126,9.843330656703342e-4
rs7229520,-0.10633824509903761,0.024279520276611902,-0.10731880930430654,0.024243016667063126,9.8056420526893e-4
rs10858246,-0.10634451863739029,0.024260907512528084,-0.10731880930430654,0.024243016667063126,9.742906669162471e-4
rs292168,-0.10828576766014048,0.02430818230543402,-0.10731880930430654,0.024243016667063126,-9.669583558339356e-4
rs17478946,-0.10635646799993555,0.024263172684168756,-0.10731880930430654,0.024243016667063126,9.623413043709922e-4
rs34312629,-0.1063649986461013,0.024251225846354963,-0.10731880930430654,0.024243016667063126,9.538106582052397e-4
rs2112617,-0.10827197144919268,0.024260650352940206,-0.10731880930430654,0.024243016667063126,-9.531621448861383e-4
rs8904,-0.10636697060494268,0.024253332883348095,-0.10731880930430654,0.024243016667063126,9.51838699363855e-4
rs2209098,-0.10826620685536803,0.024285651338658464,-0.10731880930430654,0.024243016667063126,-9.473975510614907e-4
rs604723,-0.10637413692754458,0.024250674692705195,-0.10731880930430654,0.024243016667063126,9.446723767619625e-4
rs4836544,-0.10639220170923007,0.024223362815015952,-0.10731880930430654,0.024243016667063126,9.266075950764702e-4
rs33973388,-0.10824476102950936,0.024295390046353425,-0.10731880930430654,0.024243016667063126,-9.259517252028227e-4
rs9517483,-0.106393498351554,0.024261807085942888,-0.10731880930430654,0.024243016667063126,9.253109527525422e-4
rs78457529,-0.10824143241385385,0.024275986353456847,-0.10731880930430654,0.024243016667063126,-9.226231095473131e-4
rs12517711,-0.10639623837979141,0.02424854080881653,-0.10731880930430654,0.024243016667063126,9.225709245151287e-4
rs200439,-0.10823710034381508,0.024216427740070285,-0.10731880930430654,0.024243016667063126,-9.18291039508537e-4
rs13209574,-0.10640425024647189,0.024266331457044113,-0.10731880930430654,0.024243016667063126,9.145590578346491e-4
rs76895963,-0.10823287879544806,0.024368289288653273,-0.10731880930430654,0.024243016667063126,-9.140694911415198e-4
rs2454390,-0.10640939980190087,0.02423962406418653,-0.10731880930430654,0.024243016667063126,9.094095024056725e-4
rs947099,-0.10641358437770043,0.024226441358663517,-0.10731880930430654,0.024243016667063126,9.052249266061074e-4
rs11205339,-0.10642668374253515,0.024227667265095554,-0.10731880930430654,0.024243016667063126,8.921255617713869e-4
rs10471339,-0.1064332201000784,0.024221620135774953,-0.10731880930430654,0.024243016667063126,8.855892042281405e-4
rs2237485,-0.10643394162160578,0.024260316160183332,-0.10731880930430654,0.024243016667063126,8.848676827007546e-4
rs10202845,-0.10643426348807247,0.024270627609777277,-0.10731880930430654,0.024243016667063126,8.845458162340669e-4
rs144109601,-0.10819992359611662,0.024232771303454064,-0.10731880930430654,0.024243016667063126,-8.811142918100784e-4
rs7020491,-0.10644184397332954,0.02426821184135722,-0.10731880930430654,0.024243016667063126,8.769653309770031e-4
rs3784830,-0.10818633377377146,0.024249227720993388,-0.10731880930430654,0.024243016667063126,-8.675244694649198e-4
rs2071450,-0.10645151570315974,0.02426420754305077,-0.10731880930430654,0.024243016667063126,8.672936011468041e-4
rs9957318,-0.1081814378661916,0.024269771551904705,-0.10731880930430654,0.024243016667063126,-8.626285618850565e-4
rs6066122,-0.10817980151979495,0.024225683188229073,-0.10731880930430654,0.024243016667063126,-8.609922154884098e-4
rs310796,-0.10645931158311837,0.02424681564146038,-0.10731880930430654,0.024243016667063126,8.594977211881655e-4
rs10112506,-0.10816727084990983,0.024236962391935388,-0.10731880930430654,0.024243016667063126,-8.484615456032935e-4
rs10176654,-0.10647285556820665,0.02422701013274198,-0.10731880930430654,0.024243016667063126,8.459537360998859e-4
rs7185244,-0.10816282882679774,0.02424045155672622,-0.10731880930430654,0.024243016667063126,-8.440195224912045e-4
rs249677,-0.1081619798411679,0.024225413938019812,-0.10731880930430654,0.024243016667063126,-8.431705368613651e-4
rs7563362,-0.10649697312056514,0.024299840586106954,-0.10731880930430654,0.024243016667063126,8.218361837414034e-4
rs11158820,-0.10813853248639085,0.0242862068409615,-0.10731880930430654,0.024243016667063126,-8.197231820843143e-4
rs2274351,-0.10813695737216805,0.024267287580022272,-0.10731880930430654,0.024243016667063126,-8.181480678615127e-4
rs12724708,-0.10813547985486438,0.024292134980031466,-0.10731880930430654,0.024243016667063126,-8.166705505578409e-4
rs116008080,-0.10650680982764323,0.0242467959855258,-0.10731880930430654,0.024243016667063126,8.119994766633137e-4
rs7095472,-0.10650806183591827,0.024304782210201565,-0.10731880930430654,0.024243016667063126,8.107474683882732e-4
rs2298333,-0.1065088392571481,0.02430475580671219,-0.10731880930430654,0.024243016667063126,8.09970047158437e-4
rs68049170,-0.10812686508207806,0.024291901917260297,-0.10731880930430654,0.024243016667063126,-8.080557777715158e-4
rs10815274,-0.10812614892796994,0.024245330423519992,-0.10731880930430654,0.024243016667063126,-8.073396236634028e-4
rs12051245,-0.10651521763423062,0.02429755578670128,-0.10731880930430654,0.024243016667063126,8.035916700759177e-4
rs10922476,-0.10811965759561183,0.024263769433914784,-0.10731880930430654,0.024243016667063126,-8.008482913052922e-4
rs7082659,-0.10652036990896288,0.024227819801510796,-0.10731880930430654,0.024243016667063126,7.984393953436586e-4
rs963317,-0.10811344464045723,0.024248875436537275,-0.10731880930430654,0.024243016667063126,-7.946353361506925e-4
rs1341215,-0.10811240866559951,0.02426482499085927,-0.10731880930430654,0.024243016667063126,-7.935993612929737e-4
rs78000963,-0.10810945895665348,0.02421794071264629,-0.10731880930430654,0.024243016667063126,-7.906496523469447e-4
rs12894822,-0.10810565682021378,0.024241795725905957,-0.10731880930430654,0.024243016667063126,-7.868475159072408e-4
rs4395014,-0.10810485155092812,0.024232569726396567,-0.10731880930430654,0.024243016667063126,-7.86042246621585e-4
rs6000890,-0.10653286521225645,0.024250670677545386,-0.10731880930430654,0.024243016667063126,7.859440920500865e-4
rs9898189,-0.10810427830277565,0.024261610225687184,-0.10731880930430654,0.024243016667063126,-7.854689984691104e-4
rs7816345,-0.10808541054648642,0.024279508180047548,-0.10731880930430654,0.024243016667063126,-7.66601242179879e-4
rs377599,-0.10655241400231323,0.02428496452503159,-0.10731880930430654,0.024243016667063126,7.663953019933084e-4
rs80132799,-0.10655585542531511,0.024240308209585778,-0.10731880930430654,0.024243016667063126,7.62953878991432e-4
rs3769598,-0.10655586692921024,0.024245144534975796,-0.10731880930430654,0.024243016667063126,7.629423750963038e-4
rs2788213,-0.10807778522021512,0.024241728782922342,-0.10731880930430654,0.024243016667063126,-7.589759159085802e-4
rs591668,-0.10807139785815806,0.02427062684086648,-0.10731880930430654,0.024243016667063126,-7.525885538515187e-4
rs17718736,-0.10656635364852313,0.024237728193273293,-0.10731880930430654,0.024243016667063126,7.524556557834128e-4
rs900399,-0.1080710728744332,0.02426749510131987,-0.10731880930430654,0.024243016667063126,-7.522635701266572e-4
rs4602848,-0.10806753067508389,0.024262211819099728,-0.10731880930430654,0.024243016667063126,-7.487213707773471e-4
rs9391254,-0.10806184152880206,0.02426488295515693,-0.10731880930430654,0.024243016667063126,-7.43032224495524e-4
rs13209685,-0.10805554788030501,0.024281908377348945,-0.10731880930430654,0.024243016667063126,-7.367385759984718e-4
rs41271299,-0.10805075819127975,0.024304797963155593,-0.10731880930430654,0.024243016667063126,-7.319488869732133e-4
rs72740637,-0.10804843690758875,0.02427859615696975,-0.10731880930430654,0.024243016667063126,-7.296276032822124e-4
rs9659073,-0.10659826343694553,0.024281225129110587,-0.10731880930430654,0.024243016667063126,7.205458673610055e-4
rs34517439,-0.10803926331365263,0.024304429885095524,-0.10731880930430654,0.024243016667063126,-7.204540093460887e-4
rs17197114,-0.10659942129119296,0.02425572373371135,-0.10731880930430654,0.024243016667063126,7.19388013113581e-4
rs62466110,-0.10803764423063879,0.02426898587245774,-0.10731880930430654,0.024243016667063126,-7.188349263322485e-4
rs291979,-0.10803429473626049,0.02428435986526324,-0.10731880930430654,0.024243016667063126,-7.154854319539466e-4
rs73833889,-0.10660411526956831,0.024246131099123235,-0.10731880930430654,0.024243016667063126,7.14694034738228e-4
rs6570509,-0.10660471430873157,0.02429159516131621,-0.10731880930430654,0.024243016667063126,7.140949955749681e-4
rs10749157,-0.10802540073073742,0.02424155043614628,-0.10731880930430654,0.024243016667063126,-7.065914264308831e-4
rs1436164,-0.10802191773648803,0.024260067192229843,-0.10731880930430654,0.024243016667063126,-7.031084321814929e-4
rs36012032,-0.10801570287783478,0.02427441777592778,-0.10731880930430654,0.024243016667063126,-6.968935735282428e-4
rs35268848,-0.10662367784144182,0.024266521589077484,-0.10731880930430654,0.024243016667063126,6.951314628647204e-4
rs1527067,-0.10662552537877124,0.02424987795152689,-0.10731880930430654,0.024243016667063126,6.93283925535304e-4
rs73384223,-0.10800958499355542,0.024269140548458894,-0.10731880930430654,0.024243016667063126,-6.907756892488848e-4
rs10119967,-0.10663323790808135,0.024313275865820674,-0.10731880930430654,0.024243016667063126,6.855713962251875e-4
rs35963161,-0.10663465876797784,0.024265555988589805,-0.10731880930430654,0.024243016667063126,6.841505363286982e-4
rs10068640,-0.10663495355319565,0.024243738886089806,-0.10731880930430654,0.024243016667063126,6.838557511108928e-4
rs12212816,-0.1066429905207045,0.024270540115115005,-0.10731880930430654,0.024243016667063126,6.758187836020391e-4
rs12655296,-0.10664399023949682,0.024244040606679586,-0.10731880930430654,0.024243016667063126,6.748190648097202e-4
rs7301341,-0.10664419206182411,0.02429528812836734,-0.10731880930430654,0.024243016667063126,6.746172424824254e-4
rs4763327,-0.10798746846124546,0.0242483677470346,-0.10731880930430654,0.024243016667063126,-6.686591569389222e-4
rs905938,-0.10665396519670191,0.0243424181697045,-0.10731880930430654,0.024243016667063126,6.648441076046313e-4
rs4807472,-0.1066560333619182,0.02426063360186589,-0.10731880930430654,0.024243016667063126,6.627759423883384e-4
rs62524625,-0.10665930883147655,0.02424864142001863,-0.10731880930430654,0.024243016667063126,6.595004728299908e-4
rs112873218,-0.10666186266325463,0.024257976125827696,-0.10731880930430654,0.024243016667063126,6.569466410519115e-4
rs113671109,-0.10796439564969088,0.024255836333272964,-0.10731880930430654,0.024243016667063126,-6.455863453843358e-4
rs40270,-0.10796292994859052,0.024257498495628586,-0.10731880930430654,0.024243016667063126,-6.441206442839853e-4
rs2521349,-0.10668213033270113,0.02426746023814422,-0.10731880930430654,0.024243016667063126,6.366789716054089e-4
rs9385002,-0.10795294544071911,0.024257689260061232,-0.10731880930430654,0.024243016667063126,-6.341361364125692e-4
rs9636364,-0.10795195883277983,0.02424915356638154,-0.10731880930430654,0.024243016667063126,-6.331495284732924e-4
rs1730028,-0.1066868495010875,0.024259649375951552,-0.10731880930430654,0.024243016667063126,6.319598032190343e-4
rs720508,-0.10795028098757119,0.024247399519251988,-0.10731880930430654,0.024243016667063126,-6.314716832646478e-4
rs2035901,-0.1066880533789207,0.024298684305418553,-0.10731880930430654,0.024243016667063126,6.307559253858341e-4
rs143384,-0.10668826875116919,0.02460774603732491,-0.10731880930430654,0.024243016667063126,6.305405531373542e-4
rs2531986,-0.1066891358218673,0.024272785088649062,-0.10731880930430654,0.024243016667063126,6.296734824392386e-4
rs12702693,-0.10669005249303475,0.024275301918237336,-0.10731880930430654,0.024243016667063126,6.28756811271794e-4
rs72894003,-0.10794277596890325,0.02428224371795236,-0.10731880930430654,0.024243016667063126,-6.239666645967146e-4
rs12616192,-0.1079402329742574,0.024259988999244482,-0.10731880930430654,0.024243016667063126,-6.214236699508546e-4
rs115912456,-0.1067031499255721,0.02429700814360728,-0.10731880930430654,0.024243016667063126,6.156593787344372e-4
rs1405227,-0.10793437601885164,0.024255759437240464,-0.10731880930430654,0.024243016667063126,-6.155667145451016e-4
rs17066856,-0.10793136348649184,0.02425014985290009,-0.10731880930430654,0.024243016667063126,-6.125541821852959e-4
rs2140619,-0.1079271436432277,0.02425188689363123,-0.10731880930430654,0.024243016667063126,-6.083343389211571e-4
rs1443536,-0.10792243210076338,0.024285769730168803,-0.10731880930430654,0.024243016667063126,-6.03622796456843e-4
rs11060942,-0.10792184004917603,0.024258436098953066,-0.10731880930430654,0.024243016667063126,-6.030307448694899e-4
rs2324154,-0.10791938755259096,0.024269072638588428,-0.10731880930430654,0.024243016667063126,-6.005782482844252e-4
rs55852614,-0.10791484613245172,0.02433607134936329,-0.10731880930430654,0.024243016667063126,-5.960368281451855e-4
rs35811052,-0.10672520525015433,0.02426148851831122,-0.10731880930430654,0.024243016667063126,5.936040541522081e-4
rs9610447,-0.10791208227571554,0.024261305387308137,-0.10731880930430654,0.024243016667063126,-5.932729714090007e-4
rs55745410,-0.10672889909844425,0.024269348852753274,-0.10731880930430654,0.024243016667063126,5.899102058622846e-4
rs60389750,-0.10790333562386195,0.02427114325962599,-0.10731880930430654,0.024243016667063126,-5.845263195554118e-4
rs10203320,-0.10790303686724892,0.024261242116995898,-0.10731880930430654,0.024243016667063126,-5.842275629423799e-4
rs34879158,-0.1067385638868324,0.02432787665882546,-0.10731880930430654,0.024243016667063126,5.802454174741456e-4
rs62048221,-0.10789729514547529,0.02428743871951399,-0.10731880930430654,0.024243016667063126,-5.784858411687493e-4
rs1584011,-0.1067440625128044,0.024270573106867702,-0.10731880930430654,0.024243016667063126,5.747467915021426e-4
rs4735761,-0.10674550297159316,0.024320286726371758,-0.10731880930430654,0.024243016667063126,5.733063327133803e-4
rs713467,-0.10789207213255175,0.024268134599239877,-0.10731880930430654,0.024243016667063126,-5.732628282452135e-4
rs3625,-0.10674744181966872,0.024269494127076654,-0.10731880930430654,0.024243016667063126,5.713674846378192e-4
rs1047891,-0.10675119569629976,0.02429106311292887,-0.10731880930430654,0.024243016667063126,5.676136080067784e-4
rs2925155,-0.10788531364937567,0.024263510704218966,-0.10731880930430654,0.024243016667063126,-5.665043450691354e-4
rs9696477,-0.10788463282885172,0.024259365467388588,-0.10731880930430654,0.024243016667063126,-5.658235245451781e-4
rs2763263,-0.10675409275772803,0.024268715444376504,-0.10731880930430654,0.024243016667063126,5.647165465785114e-4
rs2789365,-0.10788217687444944,0.02426822026300379,-0.10731880930430654,0.024243016667063126,-5.633675701429003e-4
rs11014285,-0.10675923238914994,0.02430170054452391,-0.10731880930430654,0.024243016667063126,5.595769151565955e-4
rs9838614,-0.10676083610762012,0.024280372103224552,-0.10731880930430654,0.024243016667063126,5.579731966864204e-4
rs73197345,-0.10787379196852272,0.024268664139191612,-0.10731880930430654,0.024243016667063126,-5.549826642161776e-4
rs62515437,-0.10787312118373436,0.024325951940615514,-0.10731880930430654,0.024243016667063126,-5.54311879427824e-4
rs1330826,-0.10677729453463847,0.02426585614659035,-0.10731880930430654,0.024243016667063126,5.415147696680722e-4
rs55717234,-0.1067774006757372,0.024259756287341252,-0.10731880930430654,0.024243016667063126,5.414086285693426e-4
rs7633464,-0.10785566555494314,0.024278566193650694,-0.10731880930430654,0.024243016667063126,-5.36856250636597e-4
rs7768382,-0.10678349955494736,0.02428654829281486,-0.10731880930430654,0.024243016667063126,5.353097493591835e-4
rs2529090,-0.10785311525664756,0.024251588840974343,-0.10731880930430654,0.024243016667063126,-5.343059523410243e-4
rs6582398,-0.1078482713217568,0.02426620503944531,-0.10731880930430654,0.024243016667063126,-5.294620174502579e-4
rs4444637,-0.10679954658627068,0.024264429011720802,-0.10731880930430654,0.024243016667063126,5.192627180358594e-4
rs704660,-0.1067999075518654,0.024272350003661382,-0.10731880930430654,0.024243016667063126,5.189017524411393e-4
rs2105333,-0.10783590715108407,0.024280877192141122,-0.10731880930430654,0.024243016667063126,-5.170978467775311e-4
rs3778858,-0.10680448828794127,0.024254833741757548,-0.10731880930430654,0.024243016667063126,5.143210163652684e-4
rs11068230,-0.10680821192449438,0.02427669720630495,-0.10731880930430654,0.024243016667063126,5.105973798121555e-4
rs11605297,-0.1078232823035108,0.024264172623760707,-0.10731880930430654,0.024243016667063126,-5.044729992042668e-4
rs4934377,-0.10681668790646796,0.024273970162798107,-0.10731880930430654,0.024243016667063126,5.021213978385758e-4
rs700677,-0.10781868515863267,0.024277085699740932,-0.10731880930430654,0.024243016667063126,-4.998758543261345e-4
rs9361987,-0.10781544076556575,0.024256847425763027,-0.10731880930430654,0.024243016667063126,-4.966314612592088e-4
rs13127468,-0.1078148049258655,0.024262578086564512,-0.10731880930430654,0.024243016667063126,-4.959956215589562e-4
rs57481308,-0.10781324121764466,0.024259225764423256,-0.10731880930430654,0.024243016667063126,-4.94431913338117e-4
rs77447813,-0.10682929855064116,0.02426513618868039,-0.10731880930430654,0.024243016667063126,4.895107536653787e-4
rs3822742,-0.10682982628582798,0.024274311830378224,-0.10731880930430654,0.024243016667063126,4.889830184785643e-4
rs62501195,-0.10683070194612193,0.024272145580865025,-0.10731880930430654,0.024243016667063126,4.881073581846085e-4
rs496783,-0.10780607040453782,0.024264314052335492,-0.10731880930430654,0.024243016667063126,-4.8726110023128433e-4
rs2390669,-0.10780524413535601,0.024262856633208325,-0.10731880930430654,0.024243016667063126,-4.8643483104947316e-4
rs112153300,-0.10683433771122687,0.024272202602535087,-0.10731880930430654,0.024243016667063126,4.844715930796689e-4
rs10123619,-0.10780185558902752,0.02426493544729911,-0.10731880930430654,0.024243016667063126,-4.8304628472098377e-4
rs12140848,-0.10683636447967941,0.02426263256359376,-0.10731880930430654,0.024243016667063126,4.82444824627129e-4
rs35696197,-0.10683745201464497,0.024260248624143676,-0.10731880930430654,0.024243016667063126,4.813572896615742e-4
rs10128781,-0.10779687655467472,0.024275204359419763,-0.10731880930430654,0.024243016667063126,-4.780672503681832e-4
rs56363908,-0.10779475815769604,0.024273877996779932,-0.10731880930430654,0.024243016667063126,-4.7594885338950177e-4
rs926436,-0.10684326881280626,0.024266464570625132,-0.10731880930430654,0.024243016667063126,4.7554049150028144e-4
rs655113,-0.10684350172554484,0.02427954637395749,-0.10731880930430654,0.024243016667063126,4.753075787616995e-4
rs2812208,-0.10779106781805065,0.024336425979766926,-0.10731880930430654,0.024243016667063126,-4.72258513744106e-4
rs2748501,-0.10684715960169953,0.024285915673804406,-0.10731880930430654,0.024243016667063126,4.716497026070049e-4
rs7910211,-0.10684790727672414,0.02426711880513536,-0.10731880930430654,0.024243016667063126,4.7090202758240385e-4
rs1823217,-0.10684992317760593,0.02428007215917924,-0.10731880930430654,0.024243016667063126,4.6888612670061003e-4
rs10019880,-0.10778741245131507,0.024261384734846403,-0.10731880930430654,0.024243016667063126,-4.6860314700852834e-4
rs246177,-0.10778724594011371,0.024289390083839693,-0.10731880930430654,0.024243016667063126,-4.6843663580717343e-4
rs577961,-0.10778640433745783,0.024269193397696676,-0.10731880930430654,0.024243016667063126,-4.675950331512885e-4
rs17205463,-0.10685456245354626,0.02430791982606302,-0.10731880930430654,0.024243016667063126,4.6424685076028316e-4
rs2592208,-0.10778299883894725,0.024265863719706227,-0.10731880930430654,0.024243016667063126,-4.6418953464071044e-4
rs7974773,-0.10685485390284777,0.024258764796407258,-0.10731880930430654,0.024243016667063126,4.63955401458771e-4
rs13381352,-0.10685738569824918,0.0242618607415042,-0.10731880930430654,0.024243016667063126,4.6142360605735955e-4
rs949214,-0.10685893758033997,0.024274095569549237,-0.10731880930430654,0.024243016667063126,4.5987172396656784e-4
rs62033029,-0.10777858749667665,0.024262746624908606,-0.10731880930430654,0.024243016667063126,-4.5977819237011386e-4
rs6028716,-0.10686002487107046,0.024283297723625738,-0.10731880930430654,0.024243016667063126,4.5878443323607576e-4
rs12882130,-0.10777651882734018,0.024285512708747722,-0.10731880930430654,0.024243016667063126,-4.5770952303364476e-4
rs2367724,-0.10686194568210705,0.024260378368165508,-0.10731880930430654,0.024243016667063126,4.568636221994882e-4
rs6721191,-0.10776736856127402,0.024271524624633348,-0.10731880930430654,0.024243016667063126,-4.4855925696747623e-4
rs9364192,-0.10776522013500615,0.024271476191883874,-0.10731880930430654,0.024243016667063126,-4.464108306996145e-4
rs2754255,-0.10776519838094423,0.02426741576016423,-0.10731880930430654,0.024243016667063126,-4.463890766376877e-4
rs7014590,-0.10775944747109138,0.024288817219147746,-0.10731880930430654,0.024243016667063126,-4.40638166784843e-4
rs1933081,-0.10775874191358102,0.024274438273416424,-0.10731880930430654,0.024243016667063126,-4.399326092744821e-4
rs10796828,-0.10775858652512647,0.02427310946497802,-0.10731880930430654,0.024243016667063126,-4.397772208199341e-4
rs75022676,-0.10775790360710356,0.024268258454246093,-0.10731880930430654,0.024243016667063126,-4.3909430279702455e-4
rs13391980,-0.10775754738017539,0.02427424006163904,-0.10731880930430654,0.024243016667063126,-4.3873807586884694e-4
rs11042717,-0.10688505000287031,0.024319509628958402,-0.10731880930430654,0.024243016667063126,4.33759301436229e-4
rs12907384,-0.10775173074160853,0.024310388623868473,-0.10731880930430654,0.024243016667063126,-4.3292143730198906e-4
rs1035583,-0.10773942242902444,0.024273443161449124,-0.10731880930430654,0.024243016667063126,-4.206131247179029e-4
rs62143873,-0.1077375756469602,0.024264143345500592,-0.10731880930430654,0.024243016667063126,-4.187663426536564e-4
rs2651472,-0.10690068703480646,0.024262296087041304,-0.10731880930430654,0.024243016667063126,4.181222695000819e-4
rs139921635,-0.10773604099652204,0.024261021433742973,-0.10731880930430654,0.024243016667063126,-4.172316922154973e-4
rs680882,-0.10690393642770112,0.024265017976683435,-0.10731880930430654,0.024243016667063126,4.148728766054238e-4
rs8136517,-0.10773103508258618,0.0242700061802706,-0.10731880930430654,0.024243016667063126,-4.1222577827963736e-4
rs34345560,-0.10773086856009248,0.02427997466870715,-0.10731880930430654,0.024243016667063126,-4.120592557859404e-4
rs2993531,-0.10772971334856712,0.024281677605790496,-0.10731880930430654,0.024243016667063126,-4.109040442605849e-4
rs6054390,-0.10772841284010506,0.024283202950554857,-0.10731880930430654,0.024243016667063126,-4.0960353579852504e-4
rs4252548,-0.10772792560770911,0.024292981224911598,-0.10731880930430654,0.024243016667063126,-4.09116303402568e-4
rs9925273,-0.10690993350418634,0.02426262098138513,-0.10731880930430654,0.024243016667063126,4.088758001201953e-4
rs6544743,-0.10691340235578758,0.024280919299654233,-0.10731880930430654,0.024243016667063126,4.0540694851895487e-4
rs28736838,-0.10772414978564746,0.024262887476184304,-0.10731880930430654,0.024243016667063126,-4.053404813409156e-4
rs4682483,-0.1077225734676072,0.02426666945933873,-0.10731880930430654,0.024243016667063126,-4.0376416330066556e-4
rs11206749,-0.1069183646096221,0.024302122758352345,-0.10731880930430654,0.024243016667063126,4.004446946844348e-4
rs7731023,-0.10771774207911003,0.024278765913485642,-0.10731880930430654,0.024243016667063126,-3.989327748034899e-4
rs2569888,-0.10692086731409967,0.02426543227839593,-0.10731880930430654,0.024243016667063126,3.979419902068737e-4
rs6054491,-0.10692354176585306,0.024267469653819155,-0.10731880930430654,0.024243016667063126,3.9526753845348095e-4
rs73696333,-0.10771204307201909,0.024275717906649005,-0.10731880930430654,0.024243016667063126,-3.9323376771255303e-4
rs568267,-0.10770939378565407,0.02426286512309078,-0.10731880930430654,0.024243016667063126,-3.9058448134753065e-4
rs117818446,-0.10770876989297996,0.02426705460158903,-0.10731880930430654,0.024243016667063126,-3.899605886734242e-4
rs10128333,-0.10693033573315143,0.024264952458055763,-0.10731880930430654,0.024243016667063126,3.884735711551096e-4
rs73413540,-0.10693245058002307,0.024262879699067638,-0.10731880930430654,0.024243016667063126,3.8635872428346985e-4
rs11098677,-0.1077041382360614,0.024294571659270868,-0.10731880930430654,0.024243016667063126,-3.8532893175485805e-4
rs17681189,-0.10769817518765509,0.02427028393457004,-0.10731880930430654,0.024243016667063126,-3.793658833485536e-4
rs13109280,-0.1076978416042513,0.024268687497888103,-0.10731880930430654,0.024243016667063126,-3.7903229994476484e-4
rs1514134,-0.10694000523855932,0.024265640547505442,-0.10731880930430654,0.024243016667063126,3.788040657472236e-4
rs8054549,-0.10769674080265682,0.024304562002632476,-0.10731880930430654,0.024243016667063126,-3.7793149835027573e-4
rs2539251,-0.10694105206384096,0.024265704803109165,-0.10731880930430654,0.024243016667063126,3.7775724046558434e-4
rs6852065,-0.10769503950745697,0.024270392778639027,-0.10731880930430654,0.024243016667063126,-3.762302031504322e-4
rs670318,-0.10694316218886024,0.02428035448297901,-0.10731880930430654,0.024243016667063126,3.7564711544629814e-4
rs36226649,-0.10769196214319791,0.024300536292464158,-0.10731880930430654,0.024243016667063126,-3.7315283889137463e-4
rs2663126,-0.10769006096876797,0.024270209581302563,-0.10731880930430654,0.024243016667063126,-3.712516644614333e-4
rs1786263,-0.106950388005142,0.02428560374447245,-0.10731880930430654,0.024243016667063126,3.6842129916453414e-4
rs532499,-0.10768681466699602,0.024265305906703057,-0.10731880930430654,0.024243016667063126,-3.6800536268948025e-4
rs331917,-0.1076853931952002,0.024269674320977947,-0.10731880930430654,0.024243016667063126,-3.665838908936542e-4
rs6962887,-0.10695237710032522,0.02426776299608147,-0.10731880930430654,0.024243016667063126,3.664322039813178e-4
rs1005723,-0.10767854733740083,0.024269986822238934,-0.10731880930430654,0.024243016667063126,-3.5973803309428953e-4
rs58646822,-0.10767620877261727,0.02426599958525261,-0.10731880930430654,0.024243016667063126,-3.5739946831073177e-4
rs2296316,-0.10696297282648536,0.0242869518541003,-0.10731880930430654,0.024243016667063126,3.5583647782118366e-4
rs2570515,-0.10697009133560684,0.02427865644084872,-0.10731880930430654,0.024243016667063126,3.487179686997022e-4
rs2019203,-0.10766126723535949,0.02428694871934261,-0.10731880930430654,0.024243016667063126,-3.424579310529474e-4
rs4274112,-0.1076604366688759,0.024291977926977803,-0.10731880930430654,0.024243016667063126,-3.4162736456935794e-4
rs9590328,-0.1069807150909684,0.024266627451273812,-0.10731880930430654,0.024243016667063126,3.3809421333813594e-4
rs543650,-0.10765437928157323,0.024303540601148383,-0.10731880930430654,0.024243016667063126,-3.35569977266692e-4
rs11760961,-0.10698492992809473,0.02427144263681518,-0.10731880930430654,0.024243016667063126,3.3387937621180697e-4
rs702886,-0.10698928861617438,0.0242684789677066,-0.10731880930430654,0.024243016667063126,3.295206881321622e-4
rs7321635,-0.10699101712190202,0.02427137948606571,-0.10731880930430654,0.024243016667063126,3.2779218240451546e-4
rs57791149,-0.10699168441095382,0.024281413090974643,-0.10731880930430654,0.024243016667063126,3.271248933527232e-4
rs9375188,-0.10699323912029744,0.024273883414758494,-0.10731880930430654,0.024243016667063126,3.255701840090969e-4
rs61878760,-0.10764266563556685,0.02426598878473217,-0.10731880930430654,0.024243016667063126,-3.238563312603082e-4
rs12099669,-0.10700011494959123,0.024326085882389163,-0.10731880930430654,0.024243016667063126,3.1869435471530705e-4
rs10019221,-0.10700232922072124,0.024270245837308056,-0.10731880930430654,0.024243016667063126,3.1648008358529933e-4
rs1004982,-0.10700266242401013,0.02426890443368875,-0.10731880930430654,0.024243016667063126,3.1614688029640847e-4
rs76951439,-0.10763132944942452,0.02428388496171557,-0.10731880930430654,0.024243016667063126,-3.1252014511798376e-4
rs11612462,-0.10762980107537438,0.024268206008824875,-0.10731880930430654,0.024243016667063126,-3.1099177106784504e-4
rs11198591,-0.1070092960504939,0.024275487465253064,-0.10731880930430654,0.024243016667063126,3.0951325381263495e-4
rs36000545,-0.10762810404698603,0.024293200539055825,-0.10731880930430654,0.024243016667063126,-3.09294742679489e-4
rs488621,-0.10701263231804166,0.024287379986818836,-0.10731880930430654,0.024243016667063126,3.0617698626488055e-4
rs80295797,-0.10701524842412909,0.024286242503964835,-0.10731880930430654,0.024243016667063126,3.035608801774531e-4
rs3768495,-0.10701544607067918,0.024279743792664513,-0.10731880930430654,0.024243016667063126,3.033632336273545e-4
rs7328187,-0.10701645485799224,0.02426949691126625,-0.10731880930430654,0.024243016667063126,3.0235444631429576e-4
rs73856768,-0.10761262688184574,0.02427522966460856,-0.10731880930430654,0.024243016667063126,-2.938175775391988e-4
rs7231886,-0.10761140402667961,0.02426745635066888,-0.10731880930430654,0.024243016667063126,-2.9259472237307127e-4
rs6849302,-0.10760992167053386,0.024272321748789537,-0.10731880930430654,0.024243016667063126,-2.911123662273224e-4
rs61729527,-0.10760778639537587,0.024277473359460778,-0.10731880930430654,0.024243016667063126,-2.8897709106932845e-4
rs173135,-0.10703647602728325,0.02429429726860976,-0.10731880930430654,0.024243016667063126,2.823332770232889e-4
rs9905385,-0.10703681289555358,0.02433082963891462,-0.10731880930430654,0.024243016667063126,2.8199640875295473e-4
rs7220127,-0.10703837138972888,0.024267678030313572,-0.10731880930430654,0.024243016667063126,2.804379145776581e-4
rs2070598,-0.10703961951985574,0.024291828770409942,-0.10731880930430654,0.024243016667063126,2.791897844507951e-4
rs6593210,-0.10759711706017987,0.024271055799608483,-0.10731880930430654,0.024243016667063126,-2.783077558733277e-4
rs2287821,-0.10759539682415464,0.02427661657121613,-0.10731880930430654,0.024243016667063126,-2.765875198481038e-4
rs7522400,-0.10759297198001126,0.02426933010300453,-0.10731880930430654,0.024243016667063126,-2.7416267570472275e-4
rs10514518,-0.1075901855627811,0.024280404747902773,-0.10731880930430654,0.024243016667063126,-2.713762584745649e-4
rs6502935,-0.10704882961700346,0.02426949673230274,-0.10731880930430654,0.024243016667063126,2.699796873030791e-4
rs3814333,-0.10704895834314845,0.024282440244738353,-0.10731880930430654,0.024243016667063126,2.698509611580857e-4
rs9344126,-0.10705411235554525,0.024286287907579238,-0.10731880930430654,0.024243016667063126,2.646969487612866e-4
rs34522021,-0.10706256958009845,0.024273011682349178,-0.10731880930430654,0.024243016667063126,2.562397242080877e-4
rs41311445,-0.10706458045292991,0.02428930568484283,-0.10731880930430654,0.024243016667063126,2.542288513766311e-4
rs56207600,-0.10706754434644378,0.024271577210522918,-0.10731880930430654,0.024243016667063126,2.5126495786276237e-4
rs350832,-0.1070698843309678,0.024274385246678687,-0.10731880930430654,0.024243016667063126,2.4892497333874053e-4
rs74379684,-0.10707178262266921,0.024276983144845745,-0.10731880930430654,0.024243016667063126,2.4702668163732733e-4
rs74494415,-0.1070765599650917,0.02428157783253159,-0.10731880930430654,0.024243016667063126,2.422493392148367e-4
rs72657800,-0.10707879287000133,0.024272225935812342,-0.10731880930430654,0.024243016667063126,2.4001643430521247e-4
rs7654502,-0.10755722214067093,0.024273506103914017,-0.10731880930430654,0.024243016667063126,-2.3841283636438781e-4
rs9525326,-0.1070809650476528,0.02427710435326889,-0.10731880930430654,0.024243016667063126,2.3784425665374087e-4
rs6844176,-0.10708225012331675,0.024274064726172873,-0.10731880930430654,0.024243016667063126,2.365591809897899e-4
rs12185775,-0.10708543360967054,0.024268339805896967,-0.10731880930430654,0.024243016667063126,2.333756946359955e-4
rs3764002,-0.10708675496604647,0.02430352519864128,-0.10731880930430654,0.024243016667063126,2.3205433826006816e-4
rs6543146,-0.10754843379028944,0.02427942850620164,-0.10731880930430654,0.024243016667063126,-2.2962448598290441e-4
rs1014526,-0.10754521309253906,0.024275748212434882,-0.10731880930430654,0.024243016667063126,-2.2640378823252094e-4
rs8018486,-0.10754424628540123,0.02427090340439341,-0.10731880930430654,0.024243016667063126,-2.2543698109468713e-4
rs2089111,-0.1070934603809815,0.024279314466426567,-0.10731880930430654,0.024243016667063126,2.2534892332504164e-4
rs2648725,-0.10709730620010055,0.024275149188950993,-0.10731880930430654,0.024243016667063126,2.2150310420598895e-4
rs10205141,-0.10709754834923786,0.02426947559133867,-0.10731880930430654,0.024243016667063126,2.2126095506867782e-4
rs113827862,-0.10709993430050052,0.024271006457326716,-0.10731880930430654,0.024243016667063126,2.1887500380601832e-4
rs876122,-0.10753758355421404,0.0242701601782302,-0.10731880930430654,0.024243016667063126,-2.1877424990750238e-4
rs4121583,-0.10753746215983674,0.02427029573668956,-0.10731880930430654,0.024243016667063126,-2.1865285553020197e-4
rs4748008,-0.10753696471309608,0.02427363745601943,-0.10731880930430654,0.024243016667063126,-2.1815540878954154e-4
rs11260035,-0.10753439851181863,0.024273908967651,-0.10731880930430654,0.024243016667063126,-2.1558920751209298e-4
rs7367519,-0.10753404027887249,0.02427974605554789,-0.10731880930430654,0.024243016667063126,-2.1523097456595253e-4
rs56239180,-0.10753178471405292,0.024274646472823982,-0.10731880930430654,0.024243016667063126,-2.1297540974637985e-4
rs1797070,-0.10752714192727811,0.024289972842426753,-0.10731880930430654,0.024243016667063126,-2.0833262297156874e-4
rs2347808,-0.10711620354926187,0.024273973355636327,-0.10731880930430654,0.024243016667063126,2.0260575504467415e-4
rs9594714,-0.10711853576575373,0.024275777968162725,-0.10731880930430654,0.024243016667063126,2.0027353855281427e-4
rs35277497,-0.10751827343017183,0.024272044185877136,-0.10731880930430654,0.024243016667063126,-1.9946412586528683e-4
rs4622329,-0.10751564077245762,0.02427804386628039,-0.10731880930430654,0.024243016667063126,-1.9683146815108188e-4
rs59950280,-0.10712309536618743,0.024301299629846562,-0.10731880930430654,0.024243016667063126,1.957139381191103e-4
rs111622870,-0.10751005384205982,0.024272700712005216,-0.10731880930430654,0.024243016667063126,-1.9124453775327954e-4
rs28379706,-0.10712975571396162,0.02427171009595457,-0.10731880930430654,0.024243016667063126,1.890535903449203e-4
rs6874324,-0.10713437381690218,0.02427228606828047,-0.10731880930430654,0.024243016667063126,1.8443548740436355e-4
rs3184504,-0.1075032425832483,0.024287124274634527,-0.10731880930430654,0.024243016667063126,-1.8443327894175632e-4
rs2577318,-0.107137156901341,0.024273636073863635,-0.10731880930430654,0.024243016667063126,1.816524029655403e-4
rs11633371,-0.1071378777040332,0.024295279043207215,-0.10731880930430654,0.024243016667063126,1.809316002733402e-4
rs76520574,-0.10749839538536052,0.02428697146507776,-0.10731880930430654,0.024243016667063126,-1.7958608105397844e-4
rs6575589,-0.10749798693841005,0.02427155791301646,-0.10731880930430654,0.024243016667063126,-1.791776341035084e-4
rs6142059,-0.1071403590831832,0.02427277555739385,-0.10731880930430654,0.024243016667063126,1.7845022112333853e-4
rs261223,-0.1074967446122448,0.02428377482119062,-0.10731880930430654,0.024243016667063126,-1.779353079382623e-4
rs2223966,-0.10714137779584383,0.024281465942587715,-0.10731880930430654,0.024243016667063126,1.7743150846270817e-4
rs11191208,-0.10748920229686444,0.02427331808827205,-0.10731880930430654,0.024243016667063126,-1.703929925579023e-4
rs6956736,-0.10748818671379361,0.024272037309826782,-0.10731880930430654,0.024243016667063126,-1.693774094870676e-4
rs13321258,-0.10714967818663716,0.024272515923162458,-0.10731880930430654,0.024243016667063126,1.6913111766937716e-4
rs12483401,-0.10748310748115256,0.02427179401042622,-0.10731880930430654,0.024243016667063126,-1.6429817684601722e-4
rs987666,-0.1074826809694637,0.024273657108629443,-0.10731880930430654,0.024243016667063126,-1.6387166515716145e-4
rs7458576,-0.10715826329656493,0.024287171348411733,-0.10731880930430654,0.024243016667063126,1.6054600774161043e-4
rs72753091,-0.10715997541824118,0.024271950132480718,-0.10731880930430654,0.024243016667063126,1.588338860653571e-4
rs1168768,-0.10716232616209724,0.02426964257509007,-0.10731880930430654,0.024243016667063126,1.5648314220929882e-4
rs577289,-0.10747327871084814,0.02427243090599101,-0.10731880930430654,0.024243016667063126,-1.5446940654159635e-4
rs57513571,-0.10716537621429609,0.024279969856296005,-0.10731880930430654,0.024243016667063126,1.534330900104519e-4
rs79592437,-0.10747188560149275,0.024276347999370822,-0.10731880930430654,0.024243016667063126,-1.530762971862082e-4
rs12541381,-0.1071669064566551,0.024314385941199307,-0.10731880930430654,0.024243016667063126,1.5190284765144446e-4
rs41265019,-0.10746962437515974,0.024274572332315076,-0.10731880930430654,0.024243016667063126,-1.508150708531969e-4
rs62370472,-0.10746817454212777,0.02429306502480102,-0.10731880930430654,0.024243016667063126,-1.4936523782123345e-4
rs3782811,-0.10717060154775644,0.02427837703499592,-0.10731880930430654,0.024243016667063126,1.4820775655009777e-4
rs8019890,-0.1071736466337451,0.024303014184385945,-0.10731880930430654,0.024243016667063126,1.4516267056144394e-4
rs28678024,-0.10746266073198417,0.02427212217432105,-0.10731880930430654,0.024243016667063126,-1.4385142767762982e-4
rs4965298,-0.10745474134437971,0.02427208480020831,-0.10731880930430654,0.024243016667063126,-1.3593204007317228e-4
rs2584100,-0.10718304558752499,0.024271997938253697,-0.10731880930430654,0.024243016667063126,1.3576371678154786e-4
rs11217863,-0.10718563703896677,0.024283787191253927,-0.10731880930430654,0.024243016667063126,1.331722653397649e-4
rs45528934,-0.10745173987615216,0.024289554363415705,-0.10731880930430654,0.024243016667063126,-1.3293057184561585e-4
rs28529426,-0.10718749920600584,0.02427442131023234,-0.10731880930430654,0.024243016667063126,1.313100983006965e-4
rs4985445,-0.10718817770056924,0.024285099335826062,-0.10731880930430654,0.024243016667063126,1.3063160373730232e-4
rs10776560,-0.10744656378117383,0.02428158676722269,-0.10731880930430654,0.024243016667063126,-1.2775447686728947e-4
rs10881582,-0.10744538952863002,0.024275842226257092,-0.10731880930430654,0.024243016667063126,-1.265802243234776e-4
rs72771070,-0.10744238139851499,0.02427697997032542,-0.10731880930430654,0.024243016667063126,-1.2357209420844895e-4
rs9483209,-0.10744076947774046,0.024276647729427885,-0.10731880930430654,0.024243016667063126,-1.2196017343392429e-4
rs619698,-0.1071974526993042,0.024273962192930997,-0.10731880930430654,0.024243016667063126,1.2135660500234291e-4
rs177591,-0.10743970236758506,0.024276970657635184,-0.10731880930430654,0.024243016667063126,-1.2089306327851823e-4
rs61940146,-0.10719970612041602,0.024272303167294784,-0.10731880930430654,0.024243016667063126,1.1910318389052321e-4
rs2885697,-0.1072004711241517,0.024326614060048716,-0.10731880930430654,0.024243016667063126,1.1833818015484499e-4
rs61925210,-0.10720333676935372,0.02427407210291613,-0.10731880930430654,0.024243016667063126,1.154725349528235e-4
rs7679276,-0.10743229159849124,0.02427578538164298,-0.10731880930430654,0.024243016667063126,-1.1348229418470246e-4
rs2069408,-0.10743110072537967,0.02427835901131756,-0.10731880930430654,0.024243016667063126,-1.1229142107313517e-4
rs4976262,-0.1072077740069171,0.0242990927913052,-0.10731880930430654,0.024243016667063126,1.1103529738944184e-4
rs8084413,-0.10721072352106822,0.02427569021283664,-0.10731880930430654,0.024243016667063126,1.080857832383153e-4
rs11210229,-0.1072125006019239,0.024275108532852262,-0.10731880930430654,0.024243016667063126,1.0630870238263757e-4
rs67527161,-0.10721282090834602,0.02428005171593611,-0.10731880930430654,0.024243016667063126,1.0598839596051568e-4
rs4815952,-0.10721361819741454,0.02428104253895636,-0.10731880930430654,0.024243016667063126,1.0519110689199973e-4
rs12340775,-0.10721382828191484,0.024275665865640648,-0.10731880930430654,0.024243016667063126,1.049810223917036e-4
rs13123591,-0.10742315190621782,0.024285126047423937,-0.10731880930430654,0.024243016667063126,-1.0434260191127809e-4
rs73186333,-0.10742251808502584,0.024272864743979918,-0.10731880930430654,0.024243016667063126,-1.0370878071930267e-4
rs8000973,-0.10742212411595221,0.024276962960802444,-0.10731880930430654,0.024243016667063126,-1.0331481164567446e-4
rs12150907,-0.10722079076425356,0.024283134994985904,-0.10731880930430654,0.024243016667063126,9.801854005297983e-5
rs6738207,-0.10741632737465259,0.024275529212903622,-0.10731880930430654,0.024243016667063126,-9.75180703460532e-5
rs2212926,-0.10722136897906563,0.024285374484260054,-0.10731880930430654,0.024243016667063126,9.744032524090784e-5
rs80280630,-0.10722276866912898,0.024272492841681547,-0.10731880930430654,0.024243016667063126,9.604063517755501e-5
rs6821305,-0.10741194640575322,0.024291744386354834,-0.10731880930430654,0.024243016667063126,-9.313710144667753e-5
rs7902,-0.1074107106880428,0.024280170354988737,-0.10731880930430654,0.024243016667063126,-9.190138373625645e-5
rs4504126,-0.10740954662063933,0.024279258458141738,-0.10731880930430654,0.024243016667063126,-9.073731633278681e-5
rs28485212,-0.10740680232834257,0.0242769013680906,-0.10731880930430654,0.024243016667063126,-8.79930240360316e-5
rs116339650,-0.10740567213608504,0.02427448390466961,-0.10731880930430654,0.024243016667063126,-8.68628317785003e-5
rs7359097,-0.10740538262164755,0.024274449065185378,-0.10731880930430654,0.024243016667063126,-8.657331734100715e-5
rs867529,-0.10723411949450722,0.02428369141297477,-0.10731880930430654,0.024243016667063126,8.468980979932372e-5
rs10005035,-0.10723460312890708,0.024281617923577983,-0.10731880930430654,0.024243016667063126,8.420617539946218e-5
rs7826059,-0.10740234722295679,0.024273220642369607,-0.10731880930430654,0.024243016667063126,-8.353791865024773e-5
rs116493405,-0.10723681562066333,0.024277391360095043,-0.10731880930430654,0.024243016667063126,8.199368364321391e-5
rs10829226,-0.10724000990262382,0.024272990950653175,-0.10731880930430654,0.024243016667063126,7.879940168271926e-5
rs4683435,-0.10739604528430473,0.02427472354345665,-0.10731880930430654,0.024243016667063126,-7.723597999818865e-5
rs10975935,-0.1073941296890297,0.02427265381864642,-0.10731880930430654,0.024243016667063126,-7.532038472315983e-5
rs3818416,-0.10724371126163777,0.024302908875573435,-0.10731880930430654,0.024243016667063126,7.509804266876696e-5
rs6693481,-0.10739054649641619,0.024276567944194152,-0.10731880930430654,0.024243016667063126,-7.17371921096499e-5
rs7730092,-0.10739007710775979,0.024272516547378782,-0.10731880930430654,0.024243016667063126,-7.126780345324824e-5
rs13177933,-0.10725150713614164,0.02428004325624264,-0.10731880930430654,0.024243016667063126,6.730216816490386e-5
rs1324538,-0.1073853805989481,0.024300915212877236,-0.10731880930430654,0.024243016667063126,-6.657129464156253e-5
rs10962212,-0.10738349897517138,0.02427853196204667,-0.10731880930430654,0.024243016667063126,-6.468967086484256e-5
rs2025609,-0.10738096649745225,0.024276822123543297,-0.10731880930430654,0.024243016667063126,-6.215719314571488e-5
rs12188208,-0.10737958943429059,0.02428288834944143,-0.10731880930430654,0.024243016667063126,-6.078012998404769e-5
rs60408354,-0.10737717470052567,0.024277064539054594,-0.10731880930430654,0.024243016667063126,-5.8365396219131616e-5
rs13103161,-0.1073763817608059,0.024315157871776384,-0.10731880930430654,0.024243016667063126,-5.757245649935794e-5
rs12344515,-0.10726244885855186,0.024278699875483024,-0.10731880930430654,0.024243016667063126,5.636044575467458e-5
rs62103240,-0.10726371613794854,0.024273183362871435,-0.10731880930430654,0.024243016667063126,5.5093166358002876e-5
rs73125634,-0.10726499278944131,0.02428559190995639,-0.10731880930430654,0.024243016667063126,5.381651486523198e-5
rs72841270,-0.10737085858491636,0.024293420172085314,-0.10731880930430654,0.024243016667063126,-5.20492806098255e-5
rs2036916,-0.10736934325785723,0.024273824201035455,-0.10731880930430654,0.024243016667063126,-5.053395355068824e-5
rs9809116,-0.10736885880543545,0.024281811730734463,-0.10731880930430654,0.024243016667063126,-5.00495011289126e-5
rs31196,-0.10736704052420487,0.024273082654073123,-0.10731880930430654,0.024243016667063126,-4.823121989833146e-5
rs2823990,-0.10727093175682485,0.02427495732965126,-0.10731880930430654,0.024243016667063126,4.787754748168671e-5
rs781669,-0.1072717771306102,0.024283473731054772,-0.10731880930430654,0.024243016667063126,4.70321736963375e-5
rs336630,-0.10727333660674065,0.024272185661634423,-0.10731880930430654,0.024243016667063126,4.547269756588479e-5
rs6603803,-0.10736221422586831,0.0242742274524003,-0.10731880930430654,0.024243016667063126,-4.340492156176823e-5
rs12519407,-0.10727542234003519,0.024282823902286282,-0.10731880930430654,0.024243016667063126,4.338696427134969e-5
rs2965076,-0.1072764655703977,0.024275428466388492,-0.10731880930430654,0.024243016667063126,4.234373390883672e-5
rs12904298,-0.10727979446934945,0.024276175308028027,-0.10731880930430654,0.024243016667063126,3.901483495709346e-5
rs3828729,-0.10728001035245092,0.02428037902379894,-0.10731880930430654,0.024243016667063126,3.879895185561477e-5
rs10822117,-0.10728197675535346,0.024280318138467073,-0.10731880930430654,0.024243016667063126,3.683254895307797e-5
rs72809820,-0.1073432459819289,0.024272723932348174,-0.10731880930430654,0.024243016667063126,-2.443667762236368e-5
rs1056747,-0.10729815961465307,0.02428125208710498,-0.10731880930430654,0.024243016667063126,2.0649689653470804e-5
rs2138374,-0.10733835406232484,0.02427821964167707,-0.10731880930430654,0.024243016667063126,-1.9544758018297248e-5
rs12700901,-0.10730104120993525,0.024287038306550043,-0.10731880930430654,0.024243016667063126,1.77680943712899e-5
rs4799799,-0.10733450499828202,0.024273334511313912,-0.10731880930430654,0.024243016667063126,-1.5695693975484315e-5
rs4077103,-0.10733235080697173,0.024273146442906495,-0.10731880930430654,0.024243016667063126,-1.354150266519305e-5
rs12351226,-0.10733033822363519,0.024283405020951724,-0.10731880930430654,0.024243016667063126,-1.1528919328651632e-5
rs117203652,-0.1073119084123791,0.02427302588817193,-0.10731880930430654,0.024243016667063126,6.9008919274388125e-6
rs35732917,-0.10731263983504417,0.024287557443903093,-0.10731880930430654,0.024243016667063126,6.16946926236539e-6
rs1530318,-0.10732236426467683,0.024283235194136936,-0.10731880930430654,0.024243016667063126,-3.554960370286131e-6
rs7858712,-0.10732153011764355,0.024290858954911516,-0.10731880930430654,0.024243016667063126,-2.720813337006578e-6
